施設名,所在地,緯度,経度,電話番号,URL
å¥¥æ²¢å­è²ã¦åç«¥ã²ãã°,å¥¥æ²¢4-8-14,35.60051312581713,,,http://www.city.setagaya.lg.jp/shisetsu/1209/1249/d00138570.html
åå¤è¦åç«¥é¤¨,åå¤è¦2-10-40,35.62473137310741,,,http://www.city.setagaya.lg.jp/shisetsu/1209/1249/d00007150.html
éç°åç«¥é¤¨,éç°3-35-1,35.62231075229302,,,http://www.city.setagaya.lg.jp/shisetsu/1209/1249/d00145703.html
çå·å°åç«¥é¤¨,çå·å°1-6-15,35.62294491298332,,,http://www.city.setagaya.lg.jp/shisetsu/1209/1249/d00131693.html
æ£®ã®åç«¥é¤¨,ä¸éæ¯4-29-18,35.61686912990768,,,http://www.city.setagaya.lg.jp/shisetsu/1209/1249/d00007135.html
æ·±æ²¢åç«¥é¤¨,æ·±æ²¢4-33-11,35.62017706530916,,,http://www.city.setagaya.lg.jp/shisetsu/1209/1249/d00007138.html
ç­ãååç«¥é¤¨,ç­ãå3-25-16,35.61127372669052,,,http://www.city.setagaya.lg.jp/shisetsu/1209/1249/d00007126.html
æåãããåç«¥é¤¨,æå3-18-23,35.63410868644257,,,http://www.city.setagaya.lg.jp/shisetsu/1209/1249/d00007153.html
å±±éåç«¥é¤¨,ç §4-1-7,35.638030578802216,,,http://www.city.setagaya.lg.jp/shisetsu/1209/1249/d00007156.html
æ¡ä¸åç«¥é¤¨,æ¡ä¸5-14-1,35.644783761974175,,,http://www.city.setagaya.lg.jp/shisetsu/1209/1249/d00131993.html
ä¸çºåç«¥é¤¨,ä¸ç°è°·2-30-16,35.64305645552068,,,http://www.city.setagaya.lg.jp/shisetsu/1209/1249/d00145540.html
ä¸ç¨è³åç«¥é¤¨,ä¸ç¨è³4-14-3,35.635865397126665,,,http://www.city.setagaya.lg.jp/shisetsu/1209/1249/d00007141.html
æ°çºåç«¥é¤¨,æ°çº2-23-4,35.63083265288893,,,http://www.city.setagaya.lg.jp/shisetsu/1209/1249/d00007144.html
å¼¦å·»åç«¥é¤¨,å¼¦å·»1-26-11,35.63697794028432,,,http://www.city.setagaya.lg.jp/shisetsu/1209/1249/d00007085.html
éæ²¢åç«¥é¤¨,éæ²¢1-8-14,35.63471827093553,,,http://www.city.setagaya.lg.jp/shisetsu/1209/1249/d00007092.html
ä¸ç¥å¸«è°·ã±ãåç«¥é¤¨,ä¸ç¥å¸«è°·4-5-6,35.653585896573055,,,http://www.city.setagaya.lg.jp/shisetsu/1209/1249/d00145762.html
ç²è°·åç«¥é¤¨,ç²è°·4-13-6,35.66295273515063,,,http://www.city.setagaya.lg.jp/kurashi/103/131/497/1851/d00007123.html
ç¥å¸«è°·åç«¥é¤¨,ç¥å¸«è°·4-28-6,35.64967399423909,,,http://www.city.setagaya.lg.jp/shisetsu/1209/1249/d00147123.html
è¹æ©åç«¥é¤¨,è¹æ©5-17-28,35.65479530508303,,,http://www.city.setagaya.lg.jp/shisetsu/1209/1249/d00007147.html
æ¾æ²¢åç«¥é¤¨,èµ¤å ¤4-37-14,35.66440704414511,,,http://www.city.setagaya.lg.jp/shisetsu/1209/1249/d00007108.html
è¥æåç«¥é¤¨,è¥æ5-18-13,35.64862320822978,,,http://www.city.setagaya.lg.jp/shisetsu/1209/1249/d00007082.html
ä»£ç°ååç«¥é¤¨,ä»£ç°1-21-11,35.6526129929917,,,http://www.city.setagaya.lg.jp/shisetsu/1209/1249/d00007111.html
ä»£ç°åç«¥é¤¨,ä»£ç°ï¼ï¼ï¼ï¼ï¼ï¼ï¼,35.662761889319775,,,http://www.city.setagaya.lg.jp/shisetsu/1209/1249/d00124214.html
æ± å°»åç«¥é¤¨,æ± å°»2-3-11,35.646637486853166,,,http://www.city.setagaya.lg.jp/shisetsu/1209/1249/d00007077.html
çå±±åç«¥é¤¨,åçå±±4-26-3,35.67172343106817,,,http://www.city.setagaya.lg.jp/shisetsu/1209/1249/d00007114.html
ä¸åæ²¢åç«¥é¤¨,ä¸åæ²¢3-8-9,35.66739863246925,,,http://www.city.setagaya.lg.jp/shisetsu/1209/1249/d00007117.html
清瀬市立第１保育園,東京都清瀬市松山3-1-73,35.76854,139.513793,042-491-0152,
清瀬市立第３保育園,東京都清瀬市旭が丘3-755-1,35.798149,139.539049,042-492-5600,
清瀬市立第７保育園,東京都清瀬市竹丘1-15-11,35.76747739,139.5114895,042-492-4616,
清瀬市立乳児保育園,東京都清瀬市梅園2-9-38,35.7723,139.505231,042-492-5603,
駅前乳児保育園,東京都清瀬市元町1-4-17,35.774459,139.520659,042-492-4185,
清瀬上宮保育園,東京都清瀬市竹丘3-8-1,35.766485,139.502184,042-492-4015,
のしお保育園,東京都清瀬市野塩5-249,35.775625,139.498258,042-493-4550,
中清戸保育園,東京都清瀬市下清戸1-21-3,35.7789537,139.5357242,042-494-1772,
すみれ保育園,東京都清瀬市中里3-1731-8,35.779377,139.516684,042-493-0509,
すみれ保育園分園,東京都清瀬市松山2-2-15,35.76980066,139.5161346,042-495-4145,
きよせ保育園,東京都清瀬市上清戸2-5-40,35.779072,139.520273,042-491-1301,
きよせ保育園分園,東京都清瀬市上清戸2-6-6,35.78044708,139.5217755,042-497-3047,
せせらぎ保育園,東京都清瀬市中里1-1704,35.78171,139.515078,042-497-9777,
"清瀬どろんこ
保育園",東京都清瀬市松山3-1-24,35.770975,139.510062,042-494-8166,
"のしお一丁目
保育園",東京都清瀬市野塩1-322-1,35.77911577,139.4999206,042-492-1411,
"メリーポピンズ
清瀬ルーム",東京都清瀬市松山1-40-2,35.76883172,139.5171004,042-497-1692,
"中里どろんこ
保育園",東京都清瀬市中里6-25-1,35.770975,139.510062,042-497-8718,
"認定こども園
ひかり",東京都清瀬市旭が丘2-5-3,35.7956185,139.5400653,042-491-2218,
ピッコロルーム,東京都清瀬市元町2-18-10,35.77591503,139.5126367,042-497-1234,
"ゆりかごファースト
スクール",東京都清瀬市元町1-8-35,35.7729873,139.5198868,042-496-0330,
ちゃいるど保育園,東京都清瀬市上清戸2-5-36,35.7795198,139.5198005,042-496-7788,
"あいあい
ちびっこルーム",東京都清瀬市竹丘3-2-61,35.769071,139.5037031,042-497-2308,
なかよし保育園,東京都清瀬市竹丘3-1-1,35.76791273,139.5062184,042-491-3114,
ãã¾ããããã¡ã»ã«ãã»ãã,ä¸ç°è°·åºçå·1-2-3,35.60804327569608,,,http://www.city.setagaya.lg.jp/kurashi/103/128/449/d00152766.html
ã»ã£ã¨ã¹ã¯ã¼ã«ãå°¾å±±å°ã,å°¾å±±å°3-19-3,35.60499036504008,,,http://www.city.setagaya.lg.jp/shisetsu/1208/d00005679.html
çå ¤ä¸ä¸ç®ãã§ããã²ãã°,ä¸ç°è°·åºçå ¤1-8-5,35.594290305041255,,,http://www.city.setagaya.lg.jp/kurashi/103/128/449/d00153922.html
ãã¬ãã¾ã®å®¶ï¼ãã¡ï¼,éç°1-19-1-101,35.618121183014736,,,http://setagaya-mizubedesign.org/kinutama_uchi.html
æè²ç¸è«å®¤çå·åå®¤,çå·2-1-15,35.61147145849266,,,http://www.city.setagaya.lg.jp/shisetsu/1208/d00005676.html
ã²ã¾ãã,çå·4-16-6,35.61772460894992,,,http://www.city.setagaya.lg.jp/kurashi/103/128/449/d00040023.html
ãã¿ã®ããã§ããã²ãã°,ä¸éæ¯1-27-5,35.61260728903562,,, 
ãã§ããã²ãã°ãã¾ã¼ã¶ã,ä¸ç°è°·åºç¬ç°2-25-10,35.62045186785576,,,http://www.city.setagaya.lg.jp/kurashi/103/128/449/d00152768.html
å­è²ã¦ã¹ãã¼ã·ã§ã³æå,æå6-5-34,35.640177426088336,,,http://www.city.setagaya.lg.jp/kurashi/103/128/454/d00016017.html
æè²ç¸è«å®¤ç §åå®¤,æå6-3-10,35.64078713163229,,,http://www.city.setagaya.lg.jp/shisetsu/1208/d00005676.html
ãã§ããã²ãã° FUKUï¼fuku,ä¸ç°è°·åºåå¤è¦9-14-15,35.63882093216395,,,http://www.city.setagaya.lg.jp/kurashi/103/128/449/d00152767.html
çºééå®³ç¸è«ã»çè²ã»ã³ã¿ã¼ããããã,å¤§èµ2-10-18,35.63462907348153,,,http://www.city.setagaya.lg.jp/shisetsu/1224/1353/d00132485.html
æ±äº¬é½ä¸ç°è°·åç«¥ç¸è«æ,æ¡ä¸5-28-12,35.64355778621789,,, 
å­è²ã¦ã¹ãã¼ã·ã§ã³æ¡æ°çº,æ¡æ°çº2-8-1,35.63195873735193,,,http://www.city.setagaya.lg.jp/kurashi/103/128/454/d00127459.html
å¤æ°å®¶mamasï¼ ä¸ç°è°·1ä¸ç®,ä¸ç°è°·1-11-18,35.641849254753865,,,http://ameblo.jp/kominkamamas/
ã¾ã¡ããã»ã£ã¨ã¹ãã¤SUKUSUKU,ä¸ç°è°·3ä¸ç®1çª27å·,35.642904985139324,,,http://www.setagaya-station.com/matimori/sukusuku/index.html
ã»ã£ã¨ã¹ãã¤ãã½ã£ã½ã,ä¸é¦¬4ä¸ç®12çª3å·,35.635508551491235,,,http://www.city.setagaya.lg.jp/kurashi/103/128/448/d00150937.html
å­è²ã¦ã¹ãã¼ã·ã§ã³ä¸ç°è°·,å¤ªå­å 1-12-40,35.64524654157095,,,http://www.city.setagaya.lg.jp/kurashi/103/128/454/d00016047.html
æè²ç¸è«å®¤ä¸ç°è°·åå®¤,å¤ªå­å 4-3-1,35.64336960935341,,,http://www.city.setagaya.lg.jp/shisetsu/1208/d00005676.html
ã®ãããããã¼ã²ãã°,éæ²¢3-14-22,35.630262317645595,,,http://tettohiroba.lolipop.jp
ã²ãã£ããã²ãã°,ä¸é¦¬3-10-7,35.63468123318608,,,http://www.inami-shounika.jp/hyokkori/
ãããåºå ´,æå8-27-17,35.64859093007733,,,http://www.seijo-tsukushinbo.jp/childcare.shtml
ããããåºå ´,è¹æ©1-30-9,35.64794783271648,,,http://www.kisenfukushi.com/service/kodomono_seikatsu_hoiku/sukoyaka_hiroba
ã¿ããåºå ´,ç¥å¸«è°·6-33-5,35.657390459680826,,,http://setagaya-tsukushinbo.jp/childcare.shtml
ã»ã£ã¨ã¹ãã¤ãã«ã ããã«ã©çµå ,å®®å3-15-15,35.653961734452565,,,http://www.city.setagaya.lg.jp/kurashi/103/128/448/d00150938.html
çæ´»ã¯ã©ãå­è²ã¦åºå ´ã¶ããã,å®®å3-13-13,35.65297428948437,,,http://tokyo.seikatsuclub.coop/care/raise/buranko.html
å­ã©ãã»å­è²ã¦ç·åã»ã³ã¿ã¼,å®®å3-15-15,35.65388994011895,,,http://www.city.setagaya.lg.jp/kurashi/103/128/449/d00007788.html
ãã¿ã®æ¨ã²ãã°,ä¸ç°è°·åºä¸åæ²¢1-32-10,35.66409691585936,,,http://www.city.setagaya.lg.jp/kurashi/103/128/449/d00153921.html
ã»ã£ã¨ã¹ã¯ã¼ã«ãåå±±ã,è±ªå¾³å¯º2-10-9,35.64815998350923,,,http://www.city.setagaya.lg.jp/shisetsu/1208/d00005679.html
å­è²ã¦ã¹ãã¼ã·ã§ã³æ¢ä¸,æ¢ä¸1-31-36,35.656178380855174,,,http://www.city.setagaya.lg.jp/kurashi/103/128/454/d00027635.html
ãã§ããã²ãã°ï¼ ãã¿ã¼ã,æ¾å4-2-18,35.66087097830179,,,http://plaza.rakuten.co.jp/atamigo/
ããã¾ããã¦ã¹,ä»£ç°4-38-52,35.658146111331504,,,https://www.facebook.com/Playpark.Setagaya
ãã§ããã²ãã°ä¸ç©ºï¼ãã£ããï¼,ä»£æ²¢1-25-11,35.65614415610063,,,http://www.facebook.com/odekake1kuu/
å­è²ã¦ã¹ãã¼ã·ã§ã³çå±±,åçå±±5-17-5,35.666820975613085,,,http://www.city.setagaya.lg.jp/kurashi/103/128/454/d00019245.html
æè²ç¸è«å®¤çå±±åå®¤,åçå±±4-26-2,35.67187634005434,,,http://www.city.setagaya.lg.jp/shisetsu/1208/d00005676.html
ãã§ããã²ãã°  ã¶ãã£ãï¼ roka,åçå±±2-30-11,35.66926076082424,,,http://blog.livedoor.jp/bridgeroka/files/map.html
ã½ã£ã½ã¡ããã²ãã°,ä¸ç°è°·åºä¸åæ²¢3-1-19ãç¦é³å¯®3F,35.6661821499062,,,http://www.fukuinryo.or.jp/kosodate.html
ãã§ããã²ãã°ãã¼ã£ã,åæ²¢5-14-10,35.669731411555794,,,http://osekkai.jimdo.com/
子ども家庭支援センター「こどものへや」,江戸川区船堀4丁目2番5号　勤労福祉会館内1階,35.685187,139.8653337,03-3877-2460,http://www.city.edogawa.tokyo.jp/shisetsuguide/bunya/kosodate/kateishien.html
共育プラザ南小岩「子育てひろば」,江戸川区南小岩4丁目5番8号,35.7209228,139.8857753,03-3673-2206,http://www.city.edogawa.tokyo.jp/plaza_minamikoiwa/index.html
共育プラザ一之江・子育てひろば,江戸川区一之江3丁目13番7号,35.6898376,139.8843134,03-3652-5911,http://www.city.edogawa.tokyo.jp/plaza_ichinoe/index.html
共育プラザ小岩・子育てひろば,江戸川区北小岩2丁目14番17号,35.7400201,139.8848239,03-3672-0604,http://www.city.edogawa.tokyo.jp/plaza_koiwa/index.html
共育プラザ平井・子育てひろば,江戸川区平井7丁目21番6号,35.7145379,139.8401941,03-3618-4031,http://www.city.edogawa.tokyo.jp/plaza_hirai/index.html
共育プラザ葛西・子育てひろば,江戸川区宇喜田町175番地,35.6734073,139.8608207,03-3688-8611,http://www.city.edogawa.tokyo.jp/plaza_kasai/index.html
中央健康サポートセンター・子育てひろば,江戸川区中央4丁目24番19号,35.7096535,139.8683087,03-5661-2467,http://www.city.edogawa.tokyo.jp/shisetsuguide/bunya/kenkofukushi/kenko/chuo.html
清新町健康サポートセンター・子育てひろば,江戸川区清新町1丁目3番11号,35.663032,139.8558199,03-3878-1221,http://www.city.edogawa.tokyo.jp/shisetsuguide/bunya/kenkofukushi/kenko/seishincho.html
鹿骨健康サポートセンター・子育てひろば,江戸川区鹿骨1丁目55番10号,35.7097145,139.8905373,03-3678-8711,http://www.city.edogawa.tokyo.jp/shisetsuguide/bunya/kenkofukushi/kenko/shishibone.html
小松川健康サポートセンター・子育てひろば,江戸川区小松川3丁目6番1号,35.6963211,139.8487507,03-3683-5531,http://www.city.edogawa.tokyo.jp/shisetsuguide/bunya/kenkofukushi/kenko/komatsugawa.html
ベーテルひろば（NPO法人）,江戸川区東葛西8-11-33 エストパル1C号室,35.6567322,139.8769016,03-3686-8350,http://tokyo-bethel.org/
中葛西子育てひろば,江戸川区中葛西1丁目2番8号　宇喜田ホームズ中庭（1階）,35.6689994,139.8681037,,http://www.city.edogawa.tokyo.jp/shisetsuguide/bunya/kosodate/hiroba/hiroba.html
臨海らっこルーム,江戸川区臨海町5丁目1番2号　都営臨海町5丁目アパート2号棟1,35.6430257,139.8691393,03-3686-2340,http://www.city.edogawa.tokyo.jp/shisetsuguide/bunya/kosodate/hiroba/rinkairakko.html
堀江らっこルーム,江戸川区南葛西3丁目16番8号　公社堀江住宅8号棟1階,35.6480173,139.8705514,03-3688-7416,http://www.city.edogawa.tokyo.jp/shisetsuguide/bunya/kosodate/hiroba/horierakko.html
共育プラザ南篠崎・子育てひろば,江戸川区南篠崎町3丁目12番8号,35.6966719,139.8989531,03-3678-8241,http://www.city.edogawa.tokyo.jp/plaza_minamishinozaki/index.html
小岩健康サポートセンター・子育てひろば,江戸川区東小岩3丁目23番3号,35.7338719,139.894124,03-3658-3171,http://www.city.edogawa.tokyo.jp/shisetsuguide/bunya/kenkofukushi/kenko/koiwa.html
東部健康サポートセンター・子育てひろば,江戸川区瑞江2丁目5番7号（東部フレンドホール3階）,35.6940377,139.8978703,03-3678-6441・6442・6443,http://www.city.edogawa.tokyo.jp/shisetsuguide/bunya/kenkofukushi/kenko/tobu.html
葛西健康サポートセンター・子育てひろば,江戸川区中葛西3丁目10番1号,35.6658143,139.8695256,03-3688-0154,http://www.city.edogawa.tokyo.jp/shisetsuguide/bunya/kenkofukushi/kenko/kasai.html
なぎさ健康サポートセンター・子育てひろば,江戸川区南葛西7丁目1番27号,35.6457363,139.8812814,03-5675-2515,http://www.city.edogawa.tokyo.jp/shisetsuguide/bunya/kenkofukushi/kenko/nagisa.html
グリーンパレス,江戸川区松島1丁目38番1号,35.7058267,139.8662522,03-3653-5151,http://www.city.edogawa.tokyo.jp/shisetsuguide/bunya/kosodate/hiroba/greenpalace.html
ããªãä¿è²ååå ãããã®æ¨,éæ¯1-25-2,35.604516284781525,,,http://www.city.setagaya.lg.jp/shisetsu/1203/1239/d00033410.html
å¥¥æ²¢è¥¿ä¿è²å,å¥¥æ²¢8-4-14,35.602982230821205,,,http://www.city.setagaya.lg.jp/shisetsu/1203/1238/d00126128.html
å°¾å±±å°ä¿è²å,å°¾å±±å°1-1-6,35.59684028758967,,,http://www.city.setagaya.lg.jp/shisetsu/1203/1239/d00012869.html
ããªãä¿è²ååå ã¶ã©ãã®æ¨,å¥¥æ²¢6-19-1,35.60324483629808,,,http://www.city.setagaya.lg.jp/shisetsu/1203/1239/d00025982.html
ãã²ãã¾ä¿è²å,å°¾å±±å°3-33-2,35.606348346670934,,,http://www.city.setagaya.lg.jp/shisetsu/1203/1240/d00011807.html
YMCAãã£ã¤ã«ãã±ã¢ã»ã³ã¿ã¼,å¥¥æ²¢5-41-7,35.60590112786307,,,http://www.city.setagaya.lg.jp/shisetsu/1203/1240/d00011808.html
ã³ã³ããã©ã¶ç­ãåä¿è²å,ç­ãå2-32-16,35.608073454705824,,,http://www.city.setagaya.lg.jp/shisetsu/1203/1241/d00011877.html
ã°ãªã¼ã³ãã«å¥¥æ²¢ä¿è²åååã°ãªã¼ã³ãã¬ã¼ç­ãåä¿è²å,ç­ãå2-33-14,35.607760009915324,,,http://www.city.setagaya.lg.jp/shisetsu/1203/1239/d00125110.html
ããã¼ã«ã¼ã ç­ãå,ç­ãåï¼ï¼ï¼ï¼ï¼ï¼,35.60335785856632,,,http://www.city.setagaya.lg.jp/shisetsu/1203/1241/d00131244.html
å¥¥æ²¢ä¿è²å,å¥¥æ²¢2-3-11,35.605245344728566,,,http://www.city.setagaya.lg.jp/shisetsu/1203/1238/d00011750.html
åå¥¥æ²¢ä¿è²å,å¥¥æ²¢1-2-13,35.599445102665925,,,http://www.city.setagaya.lg.jp/shisetsu/1203/1238/d00011749.html
ã°ãªã¼ã³ãã«å¥¥æ²¢ä¿è²å,å¥¥æ²¢1-48-13,35.60388215870129,,,http://www.city.setagaya.lg.jp/shisetsu/1203/1239/d00031241.html
ããã¼ãºã¨ã³ã¸ã§ã«å¥¥æ²¢ä¿è²å,å¥¥æ²¢3-44-2,35.603445622529094,,,http://www.city.setagaya.lg.jp/shisetsu/1203/1241/d00011876.html
å°æ¢ä¿è²å,åå¤è¦2-10-41,35.62416968428444,,,http://www.city.setagaya.lg.jp/shisetsu/1203/1238/d00011772.html
å®å¥æ ¹ãªãããå,å®å¥æ ¹2-7-16,35.621084274497946,,,http://www.city.setagaya.lg.jp/shisetsu/1203/1239/d00012864.html
åå¤è¦ãã©ãã®å®¶,åå¤è¦3-14-6,35.62431507391246,,,http://www.city.setagaya.lg.jp/shisetsu/1203/1241/d00011887.html
åå¤è¦ããªããä¿è²å,åå¤è¦1-4-7,35.622310392171684,,,http://www.city.setagaya.lg.jp/shisetsu/1203/1239/d00036836.html
åå¤è¦éã®è±ä¿è²å,åå¤è¦3-21-22,35.62723760627165,,,http://www.city.setagaya.lg.jp/shisetsu/1203/1239/d00133747.html
éãç©ºä¿è²å,å²¡æ¬2-5-11,35.620264304160784,,,http://www.city.setagaya.lg.jp/shisetsu/1203/1239/d00011776.html
ç §åããä¿è²å,éç°3-13-20,35.621964661381604,,,http://www.city.setagaya.lg.jp/shisetsu/1203/1241/d00011886.html
ããã«ã­ããºã«ã¼ã ,çå·3-43-1,35.614962632876086,,,http://www.city.setagaya.lg.jp/shisetsu/1203/1241/d00011881.html
å²¡æ¬ãããã³ä¿è²å,å²¡æ¬3-20-10,35.62746633993255,,,http://www.city.setagaya.lg.jp/shisetsu/1203/1239/d00131887.html
ä¸ç°è°·ãã¨ãã®æ£®ä¿è²å,å²¡æ¬2-22-11,35.62217300078786,,,http://www.city.setagaya.lg.jp/shisetsu/1203/1239/d00134581.html
ãã¾ããã¿ããªã®å®¶,çå·3-39-22,35.61777962205348,,,http://www.city.setagaya.lg.jp/shisetsu/1203/1239/d00133752.html
çå·ä¿è²å,çå·4-16-6,35.61777090515316,,,http://www.city.setagaya.lg.jp/shisetsu/1203/1238/d00136798.html
ç¨è³ä¿è²ååå,ç¨è³2-28-20,35.62465344910536,,,http://www.city.setagaya.lg.jp/shisetsu/1203/1238/d00031752.html
ç¨è³ãªã®ã¯ãªä¿è²å,ç¨è³1-2-2,35.6233101229611,,,http://www.city.setagaya.lg.jp/shisetsu/1203/1239/d00011766.html
ãããã®æ¨ä¿è²å,çå·å°2-18-18,35.62489672447083,,,http://www.city.setagaya.lg.jp/shisetsu/1203/1239/d00033357.html
èº«å»¶å±±ä¿è²å,ç¬ç°4-12-4,35.619373343813415,,,http://www.city.setagaya.lg.jp/shisetsu/1203/1239/d00011761.html
èº«å»¶å±±ä¿è²ååå ãããéç©ºä¿è²å,ç¬ç°2-17-1,35.61862282309983,,,http://www.city.setagaya.lg.jp/shisetsu/1203/1239/d00011763.html
ãããªä¿è²å,ç¬ç°1-7-7,35.61473109441963,,,http://www.city.setagaya.lg.jp/shisetsu/1203/1239/d00011764.html
ã°ã­ã¼ãã«ã­ããºä¸éæ¯å,ä¸éæ¯1-26-6,35.61229203020652,,,http://www.city.setagaya.lg.jp/shisetsu/1203/1241/d00033096.html
ãã¼ãµãªã¼ã«ã¼ã ããªã¼ãã¢ã¼ç¨è³,ç¨è³2-27-1,35.62461344306283,,,http://www.city.setagaya.lg.jp/shisetsu/1203/1241/d00017424.html
ããã­ãªå¹¼åèä¸éæ¯å,ä¸éæ¯1-9-14,35.610829221487684,,,http://www.city.setagaya.lg.jp/shisetsu/1203/1241/d00011878.html
ããã³ãºãã¼ãµãªã¼ã¹ã¯ã¼ã«äºå­çå·,çå·3-17-1,35.614148745677554,,,http://www.city.setagaya.lg.jp/shisetsu/1203/1241/d00011880.html
ç¨è³ããã»ã¯ã¬ã¤ã·ã¥,ç¨è³4-3-11,35.627262855132365,,,http://www.city.setagaya.lg.jp/shisetsu/1203/1241/d00011879.html
å±±å£å°åç§åç§çåä¿è²å®¤ã·ã§ã»ã¢ã¢,ä¸­çº4-35-6,35.61686908555153,,, 
ã°ã­ã¼ãã«ã­ããºç¨è³å,ç¬ç°4-28-12,35.62197481152621,,,http://www.city.setagaya.lg.jp/shisetsu/1203/1241/d00038986.html
ã¯ãã¾ã ã¯ãã¾ãããniko,çå·1-15-6,35.60987236484164,,,http://www.city.setagaya.lg.jp/shisetsu/1203/1241/d00030031.html
ãã³ãã©ãã¯ãªããã¯çåä¿è²å®¤ãã³ã®ããã¡,çå·1-15-6,35.60991723100384,,, 
çå·èµ¤ã¡ããã®å®¶ä¿è²å,çå·3-27-1,35.61413348965863,,,http://www.city.setagaya.lg.jp/shisetsu/1203/1240/d00011805.html
ç¨è³ä¿è²å,ç¨è³2-29-22,35.62565556541786,,,http://www.city.setagaya.lg.jp/shisetsu/1203/1238/d00011757.html
ä¸­çºä¿è²å,ä¸­çº3-27-2,35.61544051232749,,,http://www.city.setagaya.lg.jp/shisetsu/1203/1238/d00137426.html
ã°ãªã¼ã³ãã£ã¼ã«ãä¸éæ¯ä¿è²å,ä¸éæ¯1-9-7,35.61030323502058,,,http://www.city.setagaya.lg.jp/shisetsu/1203/1239/d00138961.html
å°å­¦é¤¨ã¢ã«ããã¼ãµãããã¾ããä¿è²å,çå·ï¼ï¼ï¼ï¼ï¼ï¼,35.61588749534506,,,http://www.city.setagaya.lg.jp/shisetsu/1203/1241/d00124615.html
ããã¹ããæ¡æ°çºç¬¬2ä¿è²å,æ¡æ°çºï¼ï¼ï¼ï¼ï¼ï¼,35.627417718658826,,,http://www.city.setagaya.lg.jp/shisetsu/1203/1241/d00139782.html
æ°çºä¿è²å,é§æ²¢4-3-1,35.626811019926166,,,http://www.city.setagaya.lg.jp/shisetsu/1203/1238/d00139354.html
æ·±æ²¢ä¿è²å,æ·±æ²¢5-16-17,35.6204575512517,,,http://www.city.setagaya.lg.jp/shisetsu/1203/1238/d00139750.html
ç­ãåä¿è²å,ç­ãå5-22-22,35.609073352779866,,,http://www.city.setagaya.lg.jp/shisetsu/1203/1239/d00011752.html
ç­ãåä¿è²ååå ãã®ã¯,ç­ãå6-4-2,35.61028490776313,,,http://www.city.setagaya.lg.jp/shisetsu/1203/1239/d00029714.html
ç¨è³ãªã®ã¯ãªä¿è²åæ·±æ²¢åå,æ°çº1-3-31,35.626752427072425,,,http://www.city.setagaya.lg.jp/shisetsu/1203/1239/d00011767.html
ããã¿ä¿è²å,æ·±æ²¢1-14-23,35.61765198342619,,,http://www.city.setagaya.lg.jp/shisetsu/1203/1239/d00033355.html
ã«ãããä¿è²å,ç­ãå4-19-18,35.61055869937275,,,http://www.city.setagaya.lg.jp/shisetsu/1203/1240/d00011806.html
ããªãä¿è²åçå¾åä¿è²å®¤ãã³ã,ç­ãå4-13-10,35.60908791218116,,, 
ããã¹ããç­ãåä¿è²å,ç­ãå3-27-15,35.61024205340113,,,http://www.city.setagaya.lg.jp/shisetsu/1203/1241/d00038992.html
ããªãä¿è²å,ç­ãå4-13-10,35.609087730642,,,http://www.city.setagaya.lg.jp/shisetsu/1203/1239/d00011760.html
ããã¿ä¿è²å,æ·±æ²¢3-13-8,35.61605729890664,,,http://www.city.setagaya.lg.jp/shisetsu/1203/1239/d00011765.html
é§æ²¢ã©ãããä¿è²å,æ·±æ²¢2-19-14ã,35.623071230417644,,,http://www.city.setagaya.lg.jp/shisetsu/1203/1239/d00138959.html
åå¤è¦ä¿è²å,æå3-18-20,35.63435687594554,,,http://www.city.setagaya.lg.jp/shisetsu/1203/1238/d00011773.html
å°ç°æ¥ã ãã¯æåå,æå6-5-34,35.64017699630707,,,http://www.city.setagaya.lg.jp/shisetsu/1203/1241/d00011883.html
ä¸ç°è°·åå¤è¦é²æ¯ä¿è²å,åå¤è¦9-1-2,35.63729841381744,,,http://www.city.setagaya.lg.jp/shisetsu/1203/1241/d00022280.html
å¤§èµä¿è²å,ç §4-5-12,35.64085906912091,,,http://www.city.setagaya.lg.jp/shisetsu/1203/1238/d00011775.html
åå¤§èµä¿è²å,å¤§èµ1-7-11,35.63374288230902,,,http://www.city.setagaya.lg.jp/shisetsu/1203/1238/d00011774.html
å¤§èµãµãã°ä¿è²å,å¤§èµ3-2-39,35.632941689759654,,,http://www.city.setagaya.lg.jp/shisetsu/1203/1239/d00011778.html
ããããååå ã¯ã¸ã©,ç §2-14-12,35.64424157375051,,,http://www.city.setagaya.lg.jp/shisetsu/1203/1239/d00015565.html
é«æ¨ä¿è²å,ç §6-26-22,35.64148516593931,,,http://www.city.setagaya.lg.jp/shisetsu/1203/1240/d00011810.html
å°ç°æ¥ã ãã¯ç¥å¸«è°·å,ç¥å¸«è°·1-5-20,35.643757027010125,,,http://www.city.setagaya.lg.jp/shisetsu/1203/1241/d00011882.html
ä¸ç°è°·ç¥å¸«ã¶è°·å¤§èµé²æ¯ä¿è²å,ç §8-6-25,35.64100793706055,,,http://www.city.setagaya.lg.jp/shisetsu/1203/1241/d00011885.html
çåã»çå¾åä¿è²å®¤ããããã¼ã,å¤§èµ2-10-18,35.634629449006,,, 
æè²ãããä¿è²å,å¤§èµ2-10-18,35.634629261287536,,,http://www.city.setagaya.lg.jp/shisetsu/1203/1239/d00019553.html
ããããååå ã­ãªã³,æ¡ä¸5-19-16,35.64602502659851,,,http://www.city.setagaya.lg.jp/shisetsu/1203/1239/d00033409.html
ã³ã³ãã¡ã³ã»ãã¼ãµãªã¼ç §,ç §5-20-14,35.639760026667005,,,http://www.city.setagaya.lg.jp/shisetsu/1203/1239/d00138954.html
çæ´»ã¯ã©ãä¿è²åã½ãã»ç §,ç §4-38-4ã,35.64401690890288,,,http://www.city.setagaya.lg.jp/shisetsu/1203/1239/d00138999.html
ã¡ãããã®ãã©ãã»ããããæå,å¤§èµ5-7-29,35.629604231747564,,,http://www.city.setagaya.lg.jp/shisetsu/1203/1239/d00140718.html
ãã£ã¤ã«ãã¹ã¯ã¨ã¢ãããã,ç¥å¸«è°·3-36-2,35.64508419146945,,,http://www.city.setagaya.lg.jp/shisetsu/1203/1241/d00131247.html
æ¡ã¶ä¸ä¿è²å,æ¡ä¸4-19-33,35.64282437155277,,,http://www.city.setagaya.lg.jp/shisetsu/1203/1239/d00011732.html
ä¸ç¨è³ä¿è²å,ä¸ç¨è³4-2-10,35.63487924631474,,,http://www.city.setagaya.lg.jp/shisetsu/1203/1238/d00011755.html
æ¡ä¿è²å,æ¡2-18-3,35.6429040980521,,,http://www.city.setagaya.lg.jp/shisetsu/1203/1238/d00120854.html
å¼¦å·»ä¿è²å,å¼¦å·»3-15-5,35.63686225300137,,,http://www.city.setagaya.lg.jp/shisetsu/1203/1238/d00011721.html
è¥¿å¼¦å·»ä¿è²å,å¼¦å·»5-13-5,35.63822553368204,,,http://www.city.setagaya.lg.jp/shisetsu/1203/1238/d00011722.html
ãµãã¿ä¿è²å,ä¸ç¨è³5-19-6,35.631771883955366,,,http://www.city.setagaya.lg.jp/shisetsu/1203/1238/d00011756.html
åæ¡ä¸ä¿è²å,æ¡ä¸3-10-18,35.64265437686546,,,http://www.city.setagaya.lg.jp/shisetsu/1203/1238/d00132582.html
éãç©ºä¿è²ååå æ£®ã®å®¶,ä¸ç¨è³5-15-1,35.63066543921778,,,http://www.city.setagaya.lg.jp/shisetsu/1203/1239/d00033432.html
ãããããã¾ã¡ä¿è²å,æ¡æ°çº2-29-3,35.63220902024677,,,http://www.city.setagaya.lg.jp/shisetsu/1203/1239/d00014406.html
ãããããã¾ã¡ä¿è²ååå ã´ã£ããä¿è²å,æ¡æ°çº2-13-17,35.63373388454168,,,http://www.city.setagaya.lg.jp/shisetsu/1203/1239/d00033468.html
ãããã®ãã®ä¿è²å,æ¡ä¸2-1-8,35.643151810035896,,,http://www.city.setagaya.lg.jp/shisetsu/1203/1239/d00033454.html
ã­ããä¿è²å,å¼¦å·»4-7-15,35.635370337047355,,,http://www.city.setagaya.lg.jp/shisetsu/1203/1241/d00022614.html
ããã³ãºãã¼ãµãªã¼ã¹ã¯ã¼ã«æ¡æ°çº,æ¡æ°çº2-8-1,35.63195856489848,,,http://www.city.setagaya.lg.jp/shisetsu/1203/1241/d00027934.html
ããã¼ãæ¡æ°çº,å¼¦å·»3-13-10,35.63599892660579,,,http://www.city.setagaya.lg.jp/shisetsu/1203/1241/d00011870.html
ããã¼ã«ã¼ã æ¡æ°çº,æ¡æ°çº2-9-6,35.632057513872525,,,http://www.city.setagaya.lg.jp/shisetsu/1203/1241/d00038985.html
æ¡ããããä¿è²å,æ¡3-19-13,35.64061924908302,,,http://www.city.setagaya.lg.jp/shisetsu/1203/1239/d00138953.html
ããã»ãããã ç¨è³,ç¨è³ï¼ï¼ï¼ï¼ï¼ï¼ï¼,35.628648206989816,,,http://www.city.setagaya.lg.jp/shisetsu/1203/1241/d00138067.html
ããã¹ããæ¡æ°çºä¿è²å,æ¡æ°çºï¼ï¼ï¼ï¼ï¼,35.62777840535437,,,http://www.city.setagaya.lg.jp/shisetsu/1203/1241/d00125733.html
ä¸é¦¬ä¿è²å,ä¸é¦¬5-29-13,35.6407520157066,,,http://www.city.setagaya.lg.jp/shisetsu/1203/1238/d00011727.html
é§æ²¢ä¿è²å,éæ²¢4-22-2,35.633668611380166,,,http://www.city.setagaya.lg.jp/shisetsu/1203/1238/d00011726.html
æ±å¼¦å·»ä¿è²å,å¼¦å·»2-29-17,35.6356147637602,,,http://www.city.setagaya.lg.jp/shisetsu/1203/1238/d00011720.html
ã¯ã©ã«ãä¿è²å,ä¸ç°è°·1-22-2,35.642690949811296,,,http://www.city.setagaya.lg.jp/shisetsu/1203/1240/d00011795.html
ãã³ãä¿è²å®¤,ä¸ç°è°·1-32-14,35.641242843038754,,,http://www.city.setagaya.lg.jp/shisetsu/1203/1240/d00011796.html
ã°ã­ã¼ãã«ã­ããºæ¾é°ç¥ç¤¾é§åä¿è²å,è¥æ3-17-11,35.64361789677735,,,http://www.city.setagaya.lg.jp/shisetsu/1203/1241/d00011865.html
é§æ²¢ããã»ã¯ã¬ã¤ã·ã¥,ä¸é¦¬4-2-5,35.63475980232525,,,http://www.city.setagaya.lg.jp/shisetsu/1203/1241/d00011872.html
ãã­ã³ãã£ã¢ã­ããºä¸é¦¬,ä¸é¦¬2-29-16,35.63991399695722,,,http://www.city.setagaya.lg.jp/shisetsu/1203/1241/d00033095.html
ãã­ã³ãã£ã¢ã­ããºä¸çº,ä¸ç°è°·1-30-9,35.64143405092467,,,http://www.city.setagaya.lg.jp/shisetsu/1203/1241/d00015811.html
æ¥çä¸é¦¬ä¿è²åã²ã³ã,ä¸é¦¬4-31-9,35.638304552012606,,,http://www.city.setagaya.lg.jp/shisetsu/1203/1241/d00038988.html
ãããã­ããº,æ°çº3-21-3,35.631985579613406,,,http://www.city.setagaya.lg.jp/shisetsu/1203/1240/d00011809.html
é§æ²¢ãã ã¾ä¿è²å,é§æ²¢2-46-9,35.63657486290186,,,http://www.city.setagaya.lg.jp/shisetsu/1203/1239/d00138960.html
è®ç¾å¹¼åå­¦åä¸ç°è°·ç¬¬ï¼ãã¼ãµãªã¼,è¥æï¼ï¼ï¼ï¼ï¼ï¼,35.644180311167425,,,http://www.city.setagaya.lg.jp/shisetsu/1203/1241/d00124613.html
ããã¼ã«ã¼ã ä¸è»è¶å±,ä¸è»è¶å±ï¼ï¼ï¼ï¼ï¼ï¼,35.64073272791682,,,http://www.city.setagaya.lg.jp/shisetsu/1203/1241/d00124608.html
ã«ã·ã¥ã«ã·ã¥ãã¾ãã,é§æ²¢ï¼ï¼ï¼ï¼ï¼ï¼,35.63217097049098,,,http://www.city.setagaya.lg.jp/shisetsu/1203/1241/d00124618.html
ãªãªã¼ãã¢ä¿è²å,ä¸é¦¬4-12-3,35.635417291819984,,,http://www.city.setagaya.lg.jp/shisetsu/1203/1239/d00011734.html
ä¸è»è¶å±ä¿è²å,ä¸è»è¶å±1-23-4,35.64060726045289,,,http://www.city.setagaya.lg.jp/shisetsu/1203/1238/d00011717.html
ä¸é¦¬ä¿è²å,ä¸é¦¬5-32-11,35.6369155588541,,,http://www.city.setagaya.lg.jp/shisetsu/1203/1238/d00139502.html
éèå­¦åéæ²¢ãã©ãåï¼èªå®ãã©ãåï¼,éæ²¢1-3-19,35.63453330554656,,,http://www.city.setagaya.lg.jp/shisetsu/1203/1239/d00011735.html
ãã¨ãã ã¡ä¿è²ååå ãã¾ã¤ãªã,ä¸é¦¬1-42-1,35.639449678164965,,,http://www.city.setagaya.lg.jp/shisetsu/1203/1239/d00033350.html
ä¸é¦¬é³©ã½ã£ã½ä¿è²å,ä¸é¦¬3-14-9,35.63596197860398,,,http://www.city.setagaya.lg.jp/shisetsu/1203/1239/d00011729.html
é³©ã½ã£ã½ä¿è²å,å¤ªå­å 1-15-5,35.642170054535626,,,http://www.city.setagaya.lg.jp/shisetsu/1203/1239/d00011728.html
ãµã³ã»ããã¼ã«ã¼ã ,ä¸è»è¶å±2-8-11,35.642485342244186,,,http://www.city.setagaya.lg.jp/shisetsu/1203/1240/d00011797.html
ã¤ããä¿è²å,å¤ªå­å 2-6-12,35.646076248694875,,,http://www.city.setagaya.lg.jp/shisetsu/1203/1240/d00011794.html
æ­åãã¼ã¹ãªã¼ï¼èªå®ãã©ãåï¼,å¤ªå­å 1-13-21,35.643629857130286,,,http://www.city.setagaya.lg.jp/shisetsu/1203/1241/d00141152.html
ããã³ãºãã¼ãµãªã¼ã¹ã¯ã¼ã«ä¸è»è¶å±,éæ²¢1-35-8,35.63870858641067,,,http://www.city.setagaya.lg.jp/shisetsu/1203/1241/d00011871.html
ãã¿ã®æ¨ä¿è²åå¤ªå­å ,å¤ªå­å 1-12-18,35.64365034223056,,,http://www.city.setagaya.lg.jp/shisetsu/1203/1239/d00036827.html
ããã¤ã­ããºä¸è»è¶å±ä¿è²å,ä¸è»è¶å±1-2-21,35.63890735552027,,,http://www.city.setagaya.lg.jp/shisetsu/1203/1241/d00038963.html
ãã¨ãã ã¡ä¿è²å,ä¸é¦¬2-21-11,35.64012947181744,,,http://www.city.setagaya.lg.jp/shisetsu/1203/1239/d00011730.html
ãã¨ãã ã¡ä¿è²ååå ãã¾ã©ã,ä¸é¦¬4-18-1,35.637290792924034,,,http://www.city.setagaya.lg.jp/shisetsu/1203/1239/d00011731.html
ä¸ç°è°·ã¯ã£ã¨ä¿è²å,ä¸é¦¬4-1-8,35.633473674805124,,,http://www.city.setagaya.lg.jp/shisetsu/1203/1239/d00133975.html
ããªã¿å°åç§çåä¿è²å®¤ãã°ã«ã¼ã ,ä¸é¦¬3-10-7,35.63472488046257,,, 
æ± å°»ãããä¿è²å,æ± å°»2-5-8,35.64654433454776,,,http://www.city.setagaya.lg.jp/shisetsu/1203/1239/d00125116.html
ä¸ç¥å¸«è°·ä¿è²å,ä¸ç¥å¸«è°·1-16-17,35.66324223295738,,,http://www.city.setagaya.lg.jp/shisetsu/1203/1238/d00011783.html
ä¸ç¥å¸«è°·åä¿è²å,ä¸ç¥å¸«è°·4-6-7,35.65395623090824,,,http://www.city.setagaya.lg.jp/shisetsu/1203/1238/d00011784.html
çµ¦ç°ä¿è²å,çµ¦ç°2-13-6,35.6650316279446,,,http://www.city.setagaya.lg.jp/shisetsu/1203/1238/d00011787.html
ç¥å¸«è°·ä¿è²å,ä¸ç¥å¸«è°·3-20-17,35.6568065736032,,,http://www.city.setagaya.lg.jp/shisetsu/1203/1239/d00011792.html
ç¥å¸«è°·ä¿è²ååå,ä¸ç¥å¸«è°·6-31-5,35.66017709234201,,,http://www.city.setagaya.lg.jp/shisetsu/1203/1239/d00021034.html
æåã¤ãããã¼ä¿è²å,æå8ï¼27-17,35.64873642834333,,,http://www.city.setagaya.lg.jp/shisetsu/1203/1239/d00125109.html
å¸æä¸ä¿è²å,è¹æ©6-26-5,35.65807247370073,,,http://www.city.setagaya.lg.jp/shisetsu/1203/1238/d00011770.html
è¹æ©è¥¿ä¿è²å,è¹æ©7-20-16,35.658429729437024,,,http://www.city.setagaya.lg.jp/shisetsu/1203/1238/d00011771.html
åå«å¹¡å±±ä¿è²å,å«å¹¡å±±3-9-20,35.66479046515723,,,http://www.city.setagaya.lg.jp/shisetsu/1203/1238/d00131619.html
ç §ä¿è²å,ç¥å¸«è°·4-3-17,35.64716138798162,,,http://www.city.setagaya.lg.jp/shisetsu/1203/1239/d00011768.html
ã²ã ã¾ãä¿è²å,è¹æ©4-3-2,35.65525211663448,,,http://www.city.setagaya.lg.jp/shisetsu/1203/1239/d00025980.html
ããããå,è¹æ©1-30-9,35.648021801008824,,,http://www.city.setagaya.lg.jp/shisetsu/1203/1239/d00011779.html
ä¸ç°è°·ã¤ãããã¼ä¿è²å,ç¥å¸«è°·6-33-5,35.65741371966548,,,http://www.city.setagaya.lg.jp/shisetsu/1203/1239/d00024862.html
ç¥å¸«è°·ããã°ä¿è²å,ç¥å¸«è°·2-5-38,35.648158111743925,,,http://www.city.setagaya.lg.jp/shisetsu/1203/1239/d00011777.html
åæ­³ä¿è²å,åæ­³å°6-16-12,35.65780122862237,,,http://www.city.setagaya.lg.jp/shisetsu/1203/1239/d00011780.html
åæ­³ãªãªããä¿è²å,åæ­³å°3-17-5,35.65204140457748,,,http://www.city.setagaya.lg.jp/shisetsu/1203/1239/d00025979.html
ã¨ã¯ã¬ã¼ã«ä¿è²å,è¹æ©1-11-2,35.647229945581245,,,http://www.city.setagaya.lg.jp/shisetsu/1203/1241/d00011884.html
ããã¿ããã«ãã«,è¹æ©1-30-19,35.64815497965733,,,http://www.city.setagaya.lg.jp/shisetsu/1203/1241/d00022615.html
ããããä¿è²å,ç²è°·4-7-8,35.66467602740116,,,http://www.city.setagaya.lg.jp/shisetsu/1203/1241/d00022617.html
çå±±æã®å­ä¿è²å,åçå±±2-2-3,35.664895261883274,,,http://www.city.setagaya.lg.jp/shisetsu/1203/1239/d00011793.html
å¤ªé½ã®å­ãä¸ç°è°·è¹æ©ä¿è²å,è¹æ©4-13-7,35.65654714614838,,,http://www.city.setagaya.lg.jp/shisetsu/1203/1239/d00138996.html
ã½ãããä¿è²åãç¥å¸«è°·,ç¥å¸«è°·ï¼ï¼ï¼ï¼ï¼ï¼,35.64750925429871,,,http://www.city.setagaya.lg.jp/shisetsu/1203/1241/d00138073.html
ã½ãã£ã¨ã©ã³ãåæ­³è¹æ©,è¹æ©6-16-11,35.65937313452861,,,http://www.city.setagaya.lg.jp/shisetsu/1203/1241/d00131245.html
å¤ªé½ã®å­ãããããä¿è²å,åæ­³å°ï¼ï¼ï¼ï¼ï¼ï¼,35.65651374434602,,,http://www.city.setagaya.lg.jp/shisetsu/1203/1241/d00124616.html
èµ¤å ¤ä¿è²å,èµ¤å ¤4-1-10,35.66026413176161,,,http://www.city.setagaya.lg.jp/shisetsu/1203/1238/d00127622.html
è¹æ©æ±ä¿è²å,è¹æ©5-14-19,35.654814809496344,,,http://www.city.setagaya.lg.jp/shisetsu/1203/1238/d00011769.html
ããããä¿è²å,çµå 1-25-11,35.649178023005845,,,http://www.city.setagaya.lg.jp/shisetsu/1203/1238/d00011724.html
çå±±æã®å­ä¿è²ååå ã¿ãªã¿é¢¨,çµå 5-38-14,35.648826461906395,,,http://www.city.setagaya.lg.jp/shisetsu/1203/1239/d00033411.html
çµå ä¿è²å,çµå 4-13-10,35.64834592335143,,,http://www.city.setagaya.lg.jp/shisetsu/1203/1239/d00011733.html
æ©èä¿è²å,æ¡ä¸æ°´3-18-12,35.660317595858395,,,http://www.city.setagaya.lg.jp/shisetsu/1203/1239/d00011746.html
ããã³ãºãã¼ãµãªã¼ã¹ã¯ã¼ã«çµå ,èµ¤å ¤3-32-5,35.656919662231495,,,http://www.city.setagaya.lg.jp/shisetsu/1203/1241/d00033093.html
ããããèµ¤å ¤å,èµ¤å ¤3-2-7,35.65834775050524,,,http://www.city.setagaya.lg.jp/shisetsu/1203/1241/d00033097.html
æ©èä¿è²ååå ã»ãªã¿,èµ¤å ¤4-34-6,35.664073852431734,,,http://www.city.setagaya.lg.jp/shisetsu/1203/1239/d00033412.html
æ¾æ²¢ä¿è²å,ä¸åæ²¢1-32-3,35.66400057762064,,,http://www.city.setagaya.lg.jp/shisetsu/1203/1238/d00011781.html
ã¿ããªã®ããã¡ä¿è²å,æ¡ä¸æ°´5-3-28,35.66472976583062,,,http://www.city.setagaya.lg.jp/shisetsu/1203/1239/d00138958.html
ã©ãã»ã¯ã«ã¼çµå ä¿è²å,çµå 1-6-17,35.64868477876486,,,http://www.city.setagaya.lg.jp/shisetsu/1203/1241/d00131243.html
ããã¹ããçµå ä¿è²å,æ¡ä¸æ°´ï¼ï¼ï¼ï¼ï¼ï¼,35.65695477481887,,,http://www.city.setagaya.lg.jp/shisetsu/1203/1241/d00124614.html
æ¢ä¸ä¿è²å,æ¾å6-6-9,35.660040138124536,,,http://www.city.setagaya.lg.jp/shisetsu/1203/1238/d00011744.html
è±ªå¾³å¯ºä¿è²å,è±ªå¾³å¯º1-34-2,35.65538854546088,,,http://www.city.setagaya.lg.jp/shisetsu/1203/1238/d00011737.html
ä¸åæ²¢ä¿è²å,ä»£æ²¢5-34-15,35.6596773054982,,,http://www.city.setagaya.lg.jp/shisetsu/1203/1238/d00011738.html
ä¸ç°è°·ä¿è²å,è¥æ4-37-11,35.64764578796696,,,http://www.city.setagaya.lg.jp/shisetsu/1203/1238/d00011718.html
å¤ªå­å ä¿è²å,å¤ªå­å 5-24-27,35.64899122174356,,,http://www.city.setagaya.lg.jp/shisetsu/1203/1238/d00011716.html
ä»£ç°ä¿è²å,ä»£ç°3-27-20,35.65506520238799,,,http://www.city.setagaya.lg.jp/shisetsu/1203/1238/d00011736.html
æ²³ç°ä¿è²å,èµ¤å ¤1-3-23,35.65501163120496,,,http://www.city.setagaya.lg.jp/shisetsu/1203/1239/d00011747.html
æè²ãããä¿è²åæ¢ä¸åå,æ¢ä¸1-31-36,35.65617820390883,,,http://www.city.setagaya.lg.jp/shisetsu/1203/1239/d00025981.html
æ¥æä¿è²å,è±ªå¾³å¯º1-25-18,35.65352396669451,,,http://www.city.setagaya.lg.jp/shisetsu/1203/1239/d00011745.html
ç¾½æ ¹æ¨ãã©ãåï¼èªå®ãã©ãåï¼,ä»£ç°4-25-9,35.66079587490128,,,http://www.city.setagaya.lg.jp/shisetsu/1203/1239/d00011748.html
æ¾åä¿è²å,æ¾å5-33-16,35.662889798639696,,,http://www.city.setagaya.lg.jp/shisetsu/1203/1239/d00011742.html
ã°ã­ã¼ãã«ã­ããºæ±æ¾åé§åä¿è²å,ç¾½æ ¹æ¨1-31-21,35.66545025455607,,,http://www.city.setagaya.lg.jp/shisetsu/1203/1241/d00015406.html
ããã¼ã«ã¼ã ä¸åæ²¢,åæ²¢2-29-12,35.663275893103645,,,http://www.city.setagaya.lg.jp/shisetsu/1203/1241/d00011874.html
ããã¼ãä¸åæ²¢,åæ²¢2-23-10,35.66147846346219,,,http://www.city.setagaya.lg.jp/shisetsu/1203/1241/d00011873.html
è®ç¾å¹¼åå­¦åä¸ç°è°·ãã¼ãµãªã¼,è¥æ4-31-17,35.646557603333015,,,http://www.city.setagaya.lg.jp/shisetsu/1203/1241/d00011869.html
è±ªå¾³å¯ºä¿è²åçå¾åä¿è²å®¤ãã¦ããã¼ã,æ¾å6-41-8,35.65675147476352,,, 
ä¿è²å®¤SUKUSUKU,æ¢ä¸1-8-9,35.654042038045105,,,http://www.city.setagaya.lg.jp/shisetsu/1203/1240/d00011801.html
ååé¢å¹¼ç¨å(èªå®ãã©ãå),æ¢ä¸2-19-8,35.65041592572728,,,http://www.city.setagaya.lg.jp/shisetsu/1203/1239/d00141151.html
å¤ªå­å ãªãã¿ä¿è²åååããããã,æ¢ä¸2-11-9,35.64953516166613,,,http://www.city.setagaya.lg.jp/shisetsu/1203/1239/d00125111.html
ç¾½æ ¹æ¨ã®ãã¿ä¿è²å,ç¾½æ ¹æ¨1-7-11,35.66510026384111,,,http://www.city.setagaya.lg.jp/shisetsu/1203/1239/d00138955.html
ãã¬ããã¡ä¿è²å®¤,åæ²¢2-26-23,35.66221397821025,,,http://www.city.setagaya.lg.jp/shisetsu/1203/1240/d00011802.html
çåã»çå¾åä¿è²å®¤ä¸åæ²¢ã²ããå,åæ²¢2-26-25,35.66196077935696,,, 
ä¸å®¿ä¿è²å,ä¸å®¿2-37-3,35.6527940525825,,,http://www.city.setagaya.lg.jp/shisetsu/1203/1238/d00129685.html
ä¸é¦¬é³©ã½ã£ã½ä¿è²ååå éã®è±å,ä¸å®¿2-26-25,35.65243460524645,,,http://www.city.setagaya.lg.jp/shisetsu/1203/1239/d00033353.html
å¤ªå­å ãªãã¿ä¿è²å,å¤ªå­å 2-3-10,35.64729939488824,,,http://www.city.setagaya.lg.jp/shisetsu/1203/1239/d00031206.html
ãªãããä¿è²å®¤,æ± å°»2-28-12,35.64900620675925,,,http://www.city.setagaya.lg.jp/shisetsu/1203/1240/d00011798.html
é½å¸åä¿è²åããã©ã¼æ±äº¬ä¸è»è¶å±å,å¤ªå­å 3-37-1,35.651149323751255,,,http://www.city.setagaya.lg.jp/shisetsu/1203/1241/d00017423.html
è®ç¾å¹¼åå­¦åæ± å°»ãã¼ãµãªã¼,æ± å°»3-20-1,35.64940097979261,,,http://www.city.setagaya.lg.jp/shisetsu/1203/1241/d00011866.html
æ±åæ²¢ããããä¿è²å,åæ²¢1-20-11,35.665164611155575,,,http://www.city.setagaya.lg.jp/shisetsu/1203/1239/d00036835.html
æ± å°»ä¿è²å,æ± å°»2-3-11,35.64663787269281,,,http://www.city.setagaya.lg.jp/shisetsu/1203/1238/d00139543.html
éæä¿è²å,ä¸å®¿2-16-32,35.651770115635806,,,http://www.city.setagaya.lg.jp/shisetsu/1203/1239/d00138817.html
ããã¹ããä¸å®¿ä¿è²å,æ± å°»3-23-2,35.648439878277244,,,http://www.city.setagaya.lg.jp/shisetsu/1203/1241/d00131240.html
ä»£æ²¢ã¿ãããä¿è²å,ä»£æ²¢2-27-1,35.65763382278833,,,http://www.city.setagaya.lg.jp/shisetsu/1203/1239/d00134579.html
è¥¿ä¹è°·ä¿è²å,åçå±±6-12-21,35.6725926058636,,,http://www.city.setagaya.lg.jp/shisetsu/1203/1238/d00011791.html
ããããå°é³¥ã®æ£®ä¿è²å,åçå±±8-9-13,35.675699816282,,,http://www.city.setagaya.lg.jp/shisetsu/1203/1239/d00031238.html
äº¬çã­ããºãã©ããçå±±,åçå±±5-17-5,35.666911112270355,,,http://www.city.setagaya.lg.jp/shisetsu/1203/1241/d00019355.html
ããããåæ­³çå±±ä¿è²å,åçå±±6-6-2,35.66786560155938,,,http://www.city.setagaya.lg.jp/shisetsu/1203/1241/d00011888.html
ã©ãã»ã¯ã«ã¼çå±±ä¿è²å,åçå±±6-38-9,35.671988744174406,,,http://www.city.setagaya.lg.jp/shisetsu/1203/1241/d00022618.html
çå±±ä¿è²å,åçå±±6-22-14,35.669867684358366,,,http://www.city.setagaya.lg.jp/shisetsu/1203/1239/d00011789.html
çå±±ãã¡ãä¿è²å,åçå±±8-1-5,35.674973668512365,,,http://www.city.setagaya.lg.jp/shisetsu/1203/1239/d00138957.html
çåã»çå¾åä¿è²å®¤ããã³ãºã«ã¼ã åæ­³çå±±,åçå±±6-12-12,35.66839253016428,,, 
ããã³ãºãã¼ãµãªã¼ã¹ã¯ã¼ã«åæ­³çå±±,åçå±±6-12-12,35.668342652940545,,,http://www.city.setagaya.lg.jp/shisetsu/1203/1241/d00131242.html
ä¸åæ²¢ä¿è²å,ä¸åæ²¢4-25-3,35.66973861495006,,,http://www.city.setagaya.lg.jp/shisetsu/1203/1238/d00011782.html
çå±±åä¿è²å,åçå±±3-13-35,35.67736870677475,,,http://www.city.setagaya.lg.jp/shisetsu/1203/1238/d00011790.html
å«å¹¡å±±ä¿è²å,ç²è°·2-22-3,35.66641747556601,,,http://www.city.setagaya.lg.jp/shisetsu/1203/1238/d00122189.html
è¦è±ä¿è²å,åçå±±2-30-17,35.66944064356343,,,http://www.city.setagaya.lg.jp/shisetsu/1203/1238/d00011788.html
ã¡ãã¹ä¿è²å,åçå±±4-16-16,35.670868671755045,,,http://www.city.setagaya.lg.jp/shisetsu/1203/1240/d00011813.html
è¦è±ããããä¿è²å,åçå±±3-9-10,35.671449303490206,,,http://www.city.setagaya.lg.jp/shisetsu/1203/1241/d00011889.html
å­è²ã¦ã¹ãã¼ã·ã§ã³çå±±çåçå¾åä¿è²å®¤ã«ããããã¼ã,åçå±±5-17-5,35.666911325042065,,, 
åçå±±ãªãã¿ä¿è²å,åçå±±3-11-6,35.673897801409765,,,http://www.city.setagaya.lg.jp/shisetsu/1203/1239/d00125115.html
å°ããªããã¡ä¿è²å,ä¸åæ²¢3-1-20,35.66627592977263,,,http://www.city.setagaya.lg.jp/shisetsu/1203/1239/d00125117.html
å¤§åä¿è²å,å¤§å1-23-13,35.667578082615385,,,http://www.city.setagaya.lg.jp/shisetsu/1203/1238/d00011739.html
æ¾ååä¿è²å,æ¾å1-11-4,35.666586602111195,,,http://www.city.setagaya.lg.jp/shisetsu/1203/1238/d00011741.html
ã¢ã¹ã¯æå¤§åä¿è²å,æ¾å1-50-15,35.669619086554704,,,http://www.city.setagaya.lg.jp/shisetsu/1203/1241/d00011875.html
ã¿ã©ãå¹¼ç¨åä¿è²å®¤,æ¾å2-17-22,35.66643528719676,,,http://www.city.setagaya.lg.jp/shisetsu/1203/1240/d00011804.html
è¥ç«¹ä¿è²å,åæ²¢5-18-4,35.66953953917111,,,http://www.city.setagaya.lg.jp/shisetsu/1203/1238/d00011740.html
,,,,,http://www.city.edogawa.tokyo.jp/shisetsuguide/bunya/kosodate/kateishien.html
,,,,,http://www.city.edogawa.tokyo.jp/plaza_minamikoiwa/index.html
,,,,,http://www.city.edogawa.tokyo.jp/plaza_ichinoe/index.html
,,,,,http://www.city.edogawa.tokyo.jp/plaza_koiwa/index.html
,,,,,http://www.city.edogawa.tokyo.jp/plaza_hirai/index.html
,,,,,http://www.city.edogawa.tokyo.jp/plaza_kasai/index.html
,,,,,http://www.city.edogawa.tokyo.jp/shisetsuguide/bunya/kenkofukushi/kenko/chuo.html
,,,,,http://www.city.edogawa.tokyo.jp/shisetsuguide/bunya/kenkofukushi/kenko/seishincho.html
,,,,,http://www.city.edogawa.tokyo.jp/shisetsuguide/bunya/kenkofukushi/kenko/shishibone.html
,,,,,http://www.city.edogawa.tokyo.jp/shisetsuguide/bunya/kenkofukushi/kenko/komatsugawa.html
,,,,,http://tokyo-bethel.org/
,,,,,http://www.city.edogawa.tokyo.jp/shisetsuguide/bunya/kosodate/hiroba/hiroba.html
,,,,,http://www.city.edogawa.tokyo.jp/shisetsuguide/bunya/kosodate/hiroba/rinkairakko.html
,,,,,http://www.city.edogawa.tokyo.jp/shisetsuguide/bunya/kosodate/hiroba/horierakko.html
,,,,,http://www.city.edogawa.tokyo.jp/plaza_minamishinozaki/index.html
,,,,,http://www.city.edogawa.tokyo.jp/shisetsuguide/bunya/kenkofukushi/kenko/koiwa.html
,,,,,http://www.city.edogawa.tokyo.jp/shisetsuguide/bunya/kenkofukushi/kenko/tobu.html
,,,,,http://www.city.edogawa.tokyo.jp/shisetsuguide/bunya/kenkofukushi/kenko/kasai.html
,,,,,http://www.city.edogawa.tokyo.jp/shisetsuguide/bunya/kenkofukushi/kenko/nagisa.html
,,,,,http://www.city.edogawa.tokyo.jp/shisetsuguide/bunya/kosodate/hiroba/greenpalace.html
あずさわ児童館,板橋区小豆沢3-9-2-103,35.78055254,139.6960174,03-3966-2825,http://www.city.itabashi.tokyo.jp/c_sections/azuj/index.html
大山東児童館,板橋区大山東町8-7,35.74746404,139.7061018,03-3579-6767,http://www.city.itabashi.tokyo.jp/c_sections/oyamahj/index.html
上板橋児童館,板橋区上板橋2-3-8,35.76169547,139.6737793,03-3933-6970,http://www.city.itabashi.tokyo.jp/c_sections/kamij/index.html
紅梅児童館,板橋区徳丸6-2-10,35.77640453,139.6630818,03-3934-6477,http://www.city.itabashi.tokyo.jp/c_sections/kobaij/index.html
さかうえ児童館,板橋区小豆沢1-20-17,35.77569326,139.7022981,03-3965-9733,http://www.city.itabashi.tokyo.jp/c_sections/sakauej/index.html
清水児童館,板橋区清水町72-7,35.76538538,139.7046049,03-3963-3313,http://www.city.itabashi.tokyo.jp/c_sections/shimizuj/index.html
志村児童館,板橋区志村2-16-11,35.7749649,139.6858318,03-3969-5881,http://www.city.itabashi.tokyo.jp/c_sections/shimuj/index.html
志村橋児童館,板橋区舟渡3-6-3,35.79354685,139.6801598,03-3966-6849,http://www.city.itabashi.tokyo.jp/c_sections/sbashij/index.html
しらさぎ児童館,板橋区成増5-19-4,35.78805343,139.6339624,03-3979-3895,http://www.city.itabashi.tokyo.jp/c_sections/shiraj/index.html
新河岸児童館,板橋区新河岸1-3-2-101,35.7937633,139.664161,03-3937-8337,http://www.city.itabashi.tokyo.jp/c_sections/shingaj/index.html
高島平児童館,板橋区高島平3-12-28,35.78700132,139.6587415,03-3979-3894,http://www.city.itabashi.tokyo.jp/c_sections/takaj/index.html
東新児童館,板橋区東新町2-43-5,35.75259118,139.6806096,03-3972-8020,http://www.city.itabashi.tokyo.jp/c_sections/toshinj/index.html
なります児童館,板橋区成増3-34-21,35.78117464,139.6315036,03-3939-6502,http://www.city.itabashi.tokyo.jp/c_sections/narij/index.html
西徳児童館,板橋区西台4-4-37,35.77020916,139.6680585,03-3936-2409,http://www.city.itabashi.tokyo.jp/c_sections/nishitoj/index.html
蓮根児童館,板橋区蓮根2-6-15,35.78129924,139.6765946,03-3968-0688,http://www.city.itabashi.tokyo.jp/c_sections/hasuj/index.html
蓮根第二児童館,板橋区蓮根3-15-1-104,35.78903786,139.6765475,03-3969-5582,http://www.city.itabashi.tokyo.jp/c_sections/hasu3j/index.html
はすのみ児童館,板橋区高島平1-50-2,35.78405849,139.671563,03-3934-5980,http://www.city.itabashi.tokyo.jp/c_sections/hasunoj/index.html
氷川児童館,板橋区氷川町24-2,35.75436514,139.7051674,03-3961-5723,http://www.city.itabashi.tokyo.jp/c_sections/hikawaj/index.html
富士見台児童館,板橋区前野町1-8-1,35.76401331,139.69623,03-3965-8524,http://www.city.itabashi.tokyo.jp/c_sections/fujimij/index.html
緑が丘児童館,板橋区中台3-27-2,35.77326021,139.6791025,03-3934-4176,http://www.city.itabashi.tokyo.jp/c_sections/midorij/index.html
南板橋児童館,板橋区板橋1-39-1,35.74779264,139.7149683,03-3963-4518,http://www.city.itabashi.tokyo.jp/c_sections/mitaj/index.html
南前野児童館,板橋区前野町2-23-1,35.7657545,139.6882041,03-3967-3870,http://www.city.itabashi.tokyo.jp/c_sections/mmaenoj/index.html
向原児童館,板橋区向原1-18-5,35.74247383,139.6848543,03-3974-6736,http://www.city.itabashi.tokyo.jp/c_sections/mukaij/index.html
弥生児童館,板橋区弥生町16-3,35.75316198,139.6942392,03-3956-8311,http://www.city.itabashi.tokyo.jp/c_sections/yayoij/index.html
ゆりの木児童館,板橋区赤塚新町3-32-11-209,35.76922728,139.6386133,03-3977-2651,http://www.city.itabashi.tokyo.jp/c_sections/yurij/index.html
子ども家庭支援センター,板橋区栄町36-1,35.75096502,139.7053164,03-3579-2656,http://www.city.itabashi.tokyo.jp/c_kurashi/009/009826.html
赤塚児童館,板橋区赤塚6-38-1,35.77884326,139.6449369,03-3938-8821,http://www.city.itabashi.tokyo.jp/c_sections/akaj/index.html
芝保育園,東京都港区芝五丁目18番1号101,35.6484,139.747716,03-3455-4669,
神明保育園,東京都港区浜松町一丁目6番7号　プラザ神明1～3階,35.658802,139.757421,03-5733-6822,
芝公園保育園,東京都港区芝公園二丁目7番3号,35.654291,139.750533,03-3438-0435,
アスク芝公園保育園,東京都港区芝二丁目12番16号,35.651603,139.752593,03-5439-9398,
太陽の子三田保育園,東京都港区三田一丁目2番18号　TTD PLAZAビル2階,35.655004,139.740635,03-5439-6390,
あい保育園赤羽橋,東京都港区三田一丁目3番31号　Forecast三田 2階,35.654526,139.74357,03-6453-9325,
こころ新橋保育園,東京都港区新橋六丁目4番3号　ル・グラシエルビル7号館2階,35.663617,139.753196,03-6432-0941,
グローバルキッズ虎ノ門保育園,東京都港区虎ノ門三丁目19番13号　虎ノ門スピリットビル3階,35.663091,139.74683,03-5473-7668,
小鳩ナーサリースクール浜離宮,東京都港区浜松町一丁目3番1号,35.659878,139.756993,03-6432-0123,
ニチイキッズ芝公園保育園,東京都港区芝二丁目1番27号　穴水ビル2階,35.653349,139.751196,03-5765-5075,
にじいろ保育園竹芝,東京都港区海岸一丁目13番15号,35.654298,139.761854,03-6381-5195,
にじいろ保育園新橋,東京都港区新橋六丁目11番13号,35.661615,139.754608,03-6432-0540,
（仮称）すくすく保育園浜松町,東京都港区浜松町一丁目1番（住居表示未定）,,,未定,
南麻布保育園,東京都港区南麻布四丁目2番29号101,35.647872,139.72407,03-3442-8068,
本村保育園,東京都港区南麻布四丁目6番7号,35.651113,139.727587,03-3444-2385,
西麻布保育園,東京都港区西麻布二丁目13番3号,35.660833,139.722718,03-3409-4924,
麻布保育園,東京都港区六本木五丁目16番46号,35.660657,139.735091,03-5545-7135,
飯倉保育園,東京都港区東麻布一丁目21番2号,35.655912,139.743532,03-3583-1786,
東麻布保育園,東京都港区東麻布二丁目1番1号,35.658212,139.74262,03-3584-3811,
元麻布保育園,東京都港区元麻布二丁目14番12号,35.653073,139.730217,03-5422-7338,
まなびの森保育園麻布,東京都港区南麻布一丁目8番11号　東町小学校内,35.650887,139.735832,03-3455-3066,
あい保育園南麻布,東京都港区南麻布二丁目11番10号　OJビル3階,35.647686,139.735729,03-6453-7970,
太陽の子南麻布保育園,東京都港区南麻布四丁目11番30号　南麻布渋谷ビル2階,35.646992,139.727149,03-5488-8070,
あい保育園元麻布,東京都港区元麻布三丁目2番19号　MOMON六本木ビル2階,35.657381,139.727326,03-6447-1871,
まちの保育園六本木,東京都港区六本木一丁目9番10号　アークヒルズ仙石山森タワー,35.663588,139.741813,03-6441-2478,
まちの保育園六本木分園,東京都港区虎ノ門五丁目5番1号　アークヒルズ仙石山テラス103,35.663636,139.74188,03-6450-1726,
コスモス西麻布保育園,東京都港区西麻布二丁目2番2号　NK青山ホームズ１階B,35.661597,139.724999,03-6427-3733,
AIAI NURSERY麻布十番,東京都港区東麻布二丁目32番7号　麻布アコービル2階,35.656032,139.740453,03-5545-5461,
ふたばクラブ東麻布保育園,東京都港区東麻布一丁目5番6号,35.657895,139.743181,03-5797-8728,
まなびの森保育園麻布十番,東京都港区南麻布一丁目14番1号,35.651137,139.734086,03-6436-7887,
麻布十番ちとせ保育園,東京都港区麻布十番一丁目3番2号,35.656991,139.735836,03-3586-1058,
sakura保育園六本木,東京都港区六本木四丁目5番11号,35.664764,139.732417,03-6434-5011,
リトルパルズ保育園六本木,東京都港区六本木六丁目5番27号,35.660996,139.731241,050-1741-0790,
赤坂保育園,東京都港区赤坂五丁目5番26号101,35.671125,139.734061,03-3583-2156,
南青山保育園,東京都港区南青山一丁目3番15号,35.671188,139.725527,03-3401-1650,
青山保育園,東京都港区北青山三丁目4番1号101,35.668127,139.71402,03-3401-1723,
赤坂ちとせ保育園,東京都港区赤坂四丁目7番15号　陽栄光和ビル1階,35.675503,139.734069,03-6459-1012,
太陽の子赤坂保育園,東京都港区赤坂八丁目12番16号　NOZY　AKASAKA1階、2階、3階,35.669165,139.729383,03-6434-9431,
あい保育園青山一丁目,東京都港区南青山一丁目3番1号　パークアクシス青山一丁目タワー2階,35.671674,139.725591,03-6459-2860,
太陽の子南青山保育園,東京都港区南青山四丁目1番6号　セブン南青山ビル1階、2階,35.667301,139.719068,03-5413-5512,
小学館アカデミー南青山保育園,東京都港区南青山四丁目15番8号　南青山246ビル,35.66495,139.718306,03-5770-1512,
赤坂山王保育園,東京都港区赤坂四丁目1番26号,35.676397,139.734702,03-5114-5605,
赤坂クレア保育園,東京都港区赤坂四丁目9番3号,35.675472,139.732987,03-6812-9268,
おはよう保育園ののあおやま,東京都港区北青山三丁目4番3号,35.666941,139.7127,03-6447-0195,
伊皿子坂保育園,東京都港区三田四丁目19番30号,35.640411,139.738726,03-3444-7601,
高輪保育園,東京都港区高輪三丁目18番15号,35.633207,139.735724,03-3449-1641,
白金保育園,東京都港区白金三丁目10番12号,35.644936,139.731076,03-3441-5076,
太陽の子三田五丁目保育園,東京都港区三田五丁目4番3号　三田プラザビル3階,35.647706,139.738902,03-5439-6775,
みなと保育園,東京都港区高輪一丁目6番9号,35.642366,139.735335,03-3443-3406,
愛星保育園,東京都港区高輪一丁目27番40号,35.63676,139.731967,03-3441-5410,
ゆらりん高輪保育園,東京都港区高輪一丁目5番38号　HUG高輪1階、2階,35.641758,139.736717,03-5422-6170,
高輪夢保育園,東京都港区高輪三丁目25番33号　長田ビル3階,35.631944,139.737918,03-5791-9680,
ゆらりん白金保育園,東京都港区白金一丁目26番10号　白金K-FLAT 1階、2階の一部,35.643907,139.733517,03-6409-6310,
みつばち保育園,東京都港区白金四丁目7番2号,35.642807,139.727554,03-3444-8767,
ニチイキッズ白金台保育園,東京都港区白金台二丁目26番10号　グリーンオーク高輪台2階,35.631759,139.729917,03-5791-2161,
高輪さつき保育園,東京都港区高輪一丁目16番15号　自動車部品会館2階,35.64095,139.733479,03-3473-2320,
えほんのもり白金台保育園,東京都港区白金台二丁目11番3号,35.633192,139.730735,03-6450-3546,
さくらさくみらい高輪,東京都港区高輪二丁目6番21号,35.636165,139.73334,03-5860-2339,
ミアヘルサ保育園ひびき白金高輪,東京都港区白金三丁目2番3号,35.64656,139.731283,03-5860-2251,
うれしい保育園白金高輪,東京都港区三田五丁目17番2号,35.645161,139.736962,03-5795-2310,
ほっぺるランド高輪二丁目,東京都港区高輪二丁目16番8号,35.638892,139.739177,03-5422-9781,
あい保育園白金台,東京都港区白金台三丁目13番18号,35.635829,139.724707,03-6277-4494,
しばうら保育園,東京都港区芝浦三丁目1番16号,35.645136,139.750214,03-5232-1130,
しばうら保育園分園,東京都港区芝浦一丁目16番1号,35.646636,139.751425,03-6453-6346,
こうなん保育園,東京都港区港南四丁目2番3号101,35.629827,139.747918,03-3450-3800,
たかはま保育園,東京都港区港南四丁目3番7号,35.631151,139.749972,03-5781-0255,
台場保育園,東京都港区台場一丁目5番1号,35.630085,139.777068,03-5500-2360,
太陽の子シーバンス保育園,東京都港区芝浦一丁目2番2号　シーバンスアモール3階,35.649696,139.756524,03-5439-4014,
太陽の子芝浦一丁目保育園,東京都港区芝浦一丁目9番7号　芝浦おもだかビル2階、3階,35.648178,139.753541,03-5439-5251,
アンジェリカ田町保育園,東京都港区芝浦一丁目6番41号　グローバルフロントタワー1階,35.647586,139.75497,03-6435-2157,
にじのいるか保育園芝浦,東京都港区芝浦二丁目3番31号　第二高取ビル2階,35.644138,139.754543,03-6435-3804,
太陽の子芝浦三丁目保育園,東京都港区芝浦三丁目20番2号　山楽ビル2階、3階,35.642236,139.746501,03-5439-6206,
アスク芝浦4丁目保育園,東京都港区芝浦四丁目12番28号,35.639594,139.749084,03-6435-2855,
ゆらりん港南保育園,東京都港区港南一丁目6番27号　芝浦クリスタル品川港南 2階,35.62962,139.745437,03-6712-1188,
グローバルキッズ港南保育園,東京都港区港南四丁目1番8号　リバージュ品川2階,35.629617,139.746672,03-3450-6130,
ベネッセ港南保育園,東京都港区港南四丁目6番7号,35.627761,139.750726,03-5783-5871,
ふたばクラブ港南保育園,東京都港区港南二丁目16番6号　CanonSタワー,35.646636,139.751425,03-6712-9428,
ゆらりんはぁと保育園,東京都港区港南一丁目8番23号　ShinagawaHEART2階,35.629704,139.744497,03-6260-0873,
ゆらりん港南緑水保育園,東京都港区港南四丁目7番37号（港南緑水公園内）,35.629753,139.75167,03-5781-2781,
デイジー保育園芝浦,東京都港区芝浦四丁目17番3号　芝浦NAビル3階,35.637018,139.747121,03-6275-1903,
にじいろ保育園海岸三丁目,東京都港区海岸三丁目16番6号,35.642496,139.755864,03-6722-6865,
太陽の子芝浦二丁目保育園,東京都港区芝浦二丁目9番1号　ブランズタワー芝浦2階,35.643537,139.75291,03-6435-4635,
芝浦アイランドこども園,東京都港区芝浦四丁目20番1号,35.640442,139.75256,03-5443-7337,
正光寺保育園赤羽橋園,東京都港区三田一丁目3番44号　 1・2階,35.654696,139.741889,03-6453-8620,
こころナーサリー新橋,東京都港区新橋五丁目35番10号　新橋アネックス1階,35.662979,139.753349,03-6435-8377,
ふらわぁきっず保育園新橋,東京都港区新橋三丁目3番13号　TsaoHibiya１階,35.666003,139.754138,03-6550-8800,
デイジー保育園麻布十番,東京都港区麻布十番三丁目10番12号　シティ麻布2階,35.652857,139.734557,03-6809-6353,
デイジー保育園麻布十番フォレスト,東京都港区麻布十番三丁目10番12号　シティ麻布3階,35.652857,139.734557,03-5439-9241,
ここいく保育園西麻布,東京都港区西麻布四丁目10番1号,35.657981,139.722985,03-6419-7333,
sakura保育園,東京都港区赤坂二丁目12番17号　Martial Artsタワー1階,35.671246,139.740235,03-6426-5097,
ふらわぁきっず保育園三田,東京都港区三田五丁目5番7号　ミタ5ゲートタワー1階,35.647066,139.740173,03-6809-5303,
ちゃいるど・はっぴっぴ!!白金保育園,東京都港区白金三丁目2番9号　1階,35.646333,139.731321,080-5875-9716,
港南あおぞら保育園,東京都港区港南三丁目8番1号　森永乳業港南ビル1階,35.6320239,139.7500836,03-6712-1988,
にじのそら保育園芝浦,東京都港区芝浦一丁目14番6号　BSビル1階,35.647081,139.75313,03-6722-0425,
芝公園二丁目保育室,東京都港区芝公園二丁目12番10号,35.653571,139.749925,03-3436-6611,
新橋保育室,東京都港区新橋六丁目12番4号,35.661668,139.754252,03-6435-2088,
南麻布三丁目保育室,東京都港区南麻布三丁目5番15号,35.651044,139.730423,03-3443-5711,
青南保育室,東京都港区南青山四丁目19番18号,35.66396,139.716584,03-5770-3933,
第二青南保育室,東京都港区南青山四丁目19番5号,35.664202,139.716788,03-5770-5366,
桂坂保育室,東京都港区高輪三丁目19番36号,35.633431,139.737205,03-5475-6646,
志田町保育室,東京都港区白金一丁目11番16号,35.645795,139.73367,03-6277-2582,
白金三丁目保育室,東京都港区白金三丁目7番13号,35.645956,139.729598,03-6455-7171,
三光保育室,東京都港区白金三丁目18番2号（旧三光小学校内）,35.644437,139.729253,03-5860-2116,
たまち保育室,東京都港区芝浦三丁目4番1号　グランパークプラザ棟2階,35.643735,139.745528,03-5484-6088,
芝浦橋保育室,東京都港区芝浦四丁目6番8号　田町ファーストビル2階,35.638959,139.74483,03-6865-1004,
五色橋保育室,東京都港区海岸三丁目5番13号,35.63654,139.751594,03-6435-3201,
障害児訪問保育アニー,利用者自宅,,,,
ポピンズナニーサービス（待機児童向け居宅訪問型保育事業）,利用者自宅,,,,
アルファ・ナニー（待機児童向け居宅訪問型保育事業）,利用者自宅,,,,
清瀬市立う梅園第1第2第3学童クラブ,東京都清瀬市梅園2-9-38,35.771999,139.505174,042-492-5606,
清瀬市立清明小第1第2学童クラブ,東京都清瀬市旭が丘2-8-1　,35.796885,139.539993,042-492-5602,
清瀬市立四小学童クラブ,東京都清瀬市中里2-1471,35.783236,139.510435,042-492-3955,
清瀬市立八小第1第2学童クラブ,東京都清瀬市中清戸4-1070,35.787303,139.530847,042-492-5535,
清瀬市立竹丘第1第２学童クラブ,東京都清瀬市竹丘1-15-11,35.767616,139.511404,042-492-6767,
清瀬市立芝山小第1第2学童クラブ,東京都清瀬市元町2-16-8,35.775359,139.511204,042-491-0878,
清瀬市立清瀬小第1第2学童クラブ,東京都清瀬市中里5-741,35.785211,139.525606,042-493-5408,
清瀬市立三小第1第2学童クラブ,東京都清瀬市竹丘1-15-4,35.768568,139.509927,042-492-5622,
清瀬市立中清戸第1第2学童クラブ,東京都清瀬市中清戸1-556-1,35.775051,139.528458,042-493-3940,
清瀬市立十小学童クラブ,東京都中清戸1-454-14,35.775148,139.527536,042-493-4350,
