施設種別,地区,保育園名,所在地,緯度,経度,種別,電話番号,入園可能月齢,保育年齢別定員　0歳,保育年齢別定員　1歳,保育年齢別定員　2歳,保育年齢別定員　3歳,保育年齢別定員　4歳,保育年齢別定員　5歳,保育年齢別定員　合計,短時間保育開始時間,短時間保育終了時間,標準時間開始時間,標準時間終了時間,延長保育対象月齢,延長保育,休園日,運営事業者(指定管理者),保育園ホームページ
,,清瀬市立う梅園第1第2第3学童クラブ,東京都清瀬市梅園2-9-38,35.771999,139.505174,,042-492-5606,小学校1年生〜6年生,,,,,,,100.0,,,,,,,,清瀬市,
,,清瀬市立清明小第1第2学童クラブ,東京都清瀬市旭が丘2-8-1　,35.796885,139.539993,,042-492-5602,小学校1年生〜6年生,,,,,,,70.0,,,,,,,,清瀬市,
,,清瀬市立四小学童クラブ,東京都清瀬市中里2-1471,35.783236,139.510435,,042-492-3955,小学校1年生〜6年生,,,,,,,60.0,,,,,,,,清瀬市,
,,清瀬市立八小第1第2学童クラブ,東京都清瀬市中清戸4-1070,35.787303,139.530847,,042-492-5535,小学校1年生〜6年生,,,,,,,70.0,,,,,,,,清瀬市,
,,清瀬市立竹丘第1第２学童クラブ,東京都清瀬市竹丘1-15-11,35.767616,139.511404,,042-492-6767,小学校1年生〜6年生,,,,,,,60.0,,,,,,,,清瀬市,
,,清瀬市立芝山小第1第2学童クラブ,東京都清瀬市元町2-16-8,35.775359,139.511204,,042-491-0878,小学校1年生〜6年生,,,,,,,75.0,,,,,,,,清瀬市,
,,清瀬市立清瀬小第1第2学童クラブ,東京都清瀬市中里5-741,35.785211,139.525606,,042-493-5408,小学校1年生〜6年生,,,,,,,90.0,,,,,,,,清瀬市,
,,清瀬市立三小第1第2学童クラブ,東京都清瀬市竹丘1-15-4,35.768568,139.509927,,042-492-5622,小学校1年生〜6年生,,,,,,,70.0,,,,,,,,清瀬市,
,,清瀬市立中清戸第1第2学童クラブ,東京都清瀬市中清戸1-556-1,35.775051,139.528458,,042-493-3940,小学校1年生〜6年生,,,,,,,40.0,,,,,,,,清瀬市,
,,清瀬市立十小学童クラブ,東京都中清戸1-454-14,35.775148,139.527536,,042-493-4350,,,,,,,,,,,,,,,,,
,,清瀬市立第１保育園,東京都清瀬市松山3-1-73,35.76854,139.513793,認定公立保育所,042-491-0152,0歳から,,,,,,,98.0,7:00,19:00,,,,,,清瀬市,
,,清瀬市立第３保育園,東京都清瀬市旭が丘3-755-1,35.798149,139.539049,認定公立保育所,042-492-5600,0歳から,,,,,,,98.0,7:00,19:00,,,,,,清瀬市,
,,清瀬市立第７保育園,東京都清瀬市竹丘1-15-11,35.76747739,139.5114895,認定公立保育所,042-492-4616,1歳から,,,,,,,67.0,7:00,19:00,,,,,,清瀬市,
,,清瀬市立乳児保育園,東京都清瀬市梅園2-9-38,35.7723,139.505231,認定公立保育所,042-492-5603,0歳から,,,,,,,34.0,7:00,19:00,,,,,,清瀬市,
,,駅前乳児保育園,東京都清瀬市元町1-4-17,35.774459,139.520659,認定公立保育所,042-492-4185,0歳から,,,,,,,31.0,7:00,19:00,,,,,,社会福祉法人千曲会,
,,清瀬上宮保育園,東京都清瀬市竹丘3-8-1,35.766485,139.502184,認定私立保育所,042-492-4015,0歳から,,,,,,,120.0,7:00,19:00,,,,,,社会福祉法人上宮会,
,,のしお保育園,東京都清瀬市野塩5-249,35.775625,139.498258,認定私立保育所,042-493-4550,0歳から,,,,,,,80.0,7:00,20:00,,,,,,社会福祉法人のゆり会,
,,中清戸保育園,東京都清瀬市下清戸1-21-3,35.7789537,139.5357242,認定私立保育所,042-494-1772,0歳から,,,,,,,80.0,7:00,19:00,,,,,,社会福祉法人千曲会,
,,すみれ保育園,東京都清瀬市中里3-1731-8,35.779377,139.516684,認定私立保育所,042-493-0509,0歳から,,,,,,,120.0,7:00,19:00,,,,,,社会福祉法人清朗会,
,,すみれ保育園分園,東京都清瀬市松山2-2-15,35.76980066,139.5161346,認定私立保育所,042-495-4145,0歳から,,,,,,,26.0,7:00,19:00,,,,,,社会福祉法人清朗会,
,,きよせ保育園,東京都清瀬市上清戸2-5-40,35.779072,139.520273,認定私立保育所,042-491-1301,0歳から,,,,,,,161.0,7:00,19:30,,,,,,社会福祉法人清澄,
,,きよせ保育園分園,東京都清瀬市上清戸2-6-6,35.78044708,139.5217755,認定私立保育所,042-497-3047,0歳から,,,,,,,23.0,7:00,19:30,,,,,,社会福祉法人清澄,
,,せせらぎ保育園,東京都清瀬市中里1-1704,35.78171,139.515078,認定私立保育所,042-497-9777,0歳から,,,,,,,120.0,7:00,19:00,,,,,,社会福祉法人清朗会,
,,"清瀬どろんこ
保育園",東京都清瀬市松山3-1-24,35.770975,139.510062,認定私立保育所,042-494-8166,0歳から,,,,,,,90.0,7:00,20:00,,,,,,社会福祉法人どろんこ会,
,,"のしお一丁目
保育園",東京都清瀬市野塩1-322-1,35.77911577,139.4999206,認定私立保育所,042-492-1411,0歳から,,,,,,,80.0,7:00,19:00,,,,,,社会福祉法人のゆり会,
,,"メリーポピンズ
清瀬ルーム",東京都清瀬市松山1-40-2,35.76883172,139.5171004,認定私立保育所,042-497-1692,0歳から,,,,,,,39.0,7:00,20:00,,,,,,社会福祉法人どろんこ会,
,,"中里どろんこ
保育園",東京都清瀬市中里6-25-1,35.770975,139.510062,認定私立保育所,042-497-8718,0歳から,,,,,,,100.0,7:00,20:00,,,,,,社会福祉法人どろんこ会,
,,"認定こども園
ひかり",東京都清瀬市旭が丘2-5-3,35.7956185,139.5400653,認定こども園（幼稚園型）,042-491-2218,3歳から,,,,,,,30.0,7:30,18:30,,,,,,学校法人聖光学園,
,,ピッコロルーム,東京都清瀬市元町2-18-10,35.77591503,139.5126367,認定私立保育所,042-497-1234,0歳から,,,,,,,11.0,7:30,19:30,,,,,,特定非営利法人子育てネットワーク・ピッコロ,
,,"ゆりかごファースト
スクール",東京都清瀬市元町1-8-35,35.7729873,139.5198868,認定私立保育所,042-496-0330,1歳から,,,,,,,18.0,8:00,17:00,,,,,,学校法人内野学園,
,,ちゃいるど保育園,東京都清瀬市上清戸2-5-36,35.7795198,139.5198005,認定私立保育所,042-496-7788,1歳から,,,,,,,18.0,8:00,17:00,,,,,,学校法人清瀬学園,
,,"あいあい
ちびっこルーム",東京都清瀬市竹丘3-2-61,35.769071,139.5037031,認定私立保育所,042-497-2308,0歳から,,,,,,,12.0,7:30,19:30,,,,,,NPO法人ウイズアイ,
,,なかよし保育園,東京都清瀬市竹丘3-1-1,35.76791273,139.5062184,認定私立保育所,042-491-3114,0歳から,,,,,,,9.0,7:30,19:00,,,,,,社会福祉法人上宮会,
,,子ども家庭支援センター「こどものへや」,江戸川区船堀4丁目2番5号　勤労福祉会館内1階,35.685187,139.8653337,,03-3877-2460,,,,,,,,,,,,,,,,,http://www.city.edogawa.tokyo.jp/shisetsuguide/bunya/kosodate/kateishien.html
,,共育プラザ南小岩「子育てひろば」,江戸川区南小岩4丁目5番8号,35.7209228,139.8857753,,03-3673-2206,,,,,,,,,,,,,,,,,http://www.city.edogawa.tokyo.jp/plaza_minamikoiwa/index.html
,,共育プラザ一之江・子育てひろば,江戸川区一之江3丁目13番7号,35.6898376,139.8843134,,03-3652-5911,,,,,,,,,,,,,,,,,http://www.city.edogawa.tokyo.jp/plaza_ichinoe/index.html
,,共育プラザ小岩・子育てひろば,江戸川区北小岩2丁目14番17号,35.7400201,139.8848239,,03-3672-0604,,,,,,,,,,,,,,,,,http://www.city.edogawa.tokyo.jp/plaza_koiwa/index.html
,,共育プラザ平井・子育てひろば,江戸川区平井7丁目21番6号,35.7145379,139.8401941,,03-3618-4031,,,,,,,,,,,,,,,,,http://www.city.edogawa.tokyo.jp/plaza_hirai/index.html
,,共育プラザ葛西・子育てひろば,江戸川区宇喜田町175番地,35.6734073,139.8608207,,03-3688-8611,,,,,,,,,,,,,,,,,http://www.city.edogawa.tokyo.jp/plaza_kasai/index.html
,,中央健康サポートセンター・子育てひろば,江戸川区中央4丁目24番19号,35.7096535,139.8683087,,03-5661-2467,,,,,,,,,,,,,,,,,http://www.city.edogawa.tokyo.jp/shisetsuguide/bunya/kenkofukushi/kenko/chuo.html
,,清新町健康サポートセンター・子育てひろば,江戸川区清新町1丁目3番11号,35.663032,139.8558199,,03-3878-1221,,,,,,,,,,,,,,,,,http://www.city.edogawa.tokyo.jp/shisetsuguide/bunya/kenkofukushi/kenko/seishincho.html
,,鹿骨健康サポートセンター・子育てひろば,江戸川区鹿骨1丁目55番10号,35.7097145,139.8905373,,03-3678-8711,,,,,,,,,,,,,,,,,http://www.city.edogawa.tokyo.jp/shisetsuguide/bunya/kenkofukushi/kenko/shishibone.html
,,小松川健康サポートセンター・子育てひろば,江戸川区小松川3丁目6番1号,35.6963211,139.8487507,,03-3683-5531,,,,,,,,,,,,,,,,,http://www.city.edogawa.tokyo.jp/shisetsuguide/bunya/kenkofukushi/kenko/komatsugawa.html
,,ベーテルひろば（NPO法人）,江戸川区東葛西8-11-33 エストパル1C号室,35.6567322,139.8769016,,03-3686-8350,,,,,,,,,,,,,,,,,http://tokyo-bethel.org/
,,中葛西子育てひろば,江戸川区中葛西1丁目2番8号　宇喜田ホームズ中庭（1階）,35.6689994,139.8681037,,,,,,,,,,,,,,,,,,,http://www.city.edogawa.tokyo.jp/shisetsuguide/bunya/kosodate/hiroba/hiroba.html
,,臨海らっこルーム,江戸川区臨海町5丁目1番2号　都営臨海町5丁目アパート2号棟1,35.6430257,139.8691393,,03-3686-2340,,,,,,,,,,,,,,,,,http://www.city.edogawa.tokyo.jp/shisetsuguide/bunya/kosodate/hiroba/rinkairakko.html
,,堀江らっこルーム,江戸川区南葛西3丁目16番8号　公社堀江住宅8号棟1階,35.6480173,139.8705514,,03-3688-7416,,,,,,,,,,,,,,,,,http://www.city.edogawa.tokyo.jp/shisetsuguide/bunya/kosodate/hiroba/horierakko.html
,,共育プラザ南篠崎・子育てひろば,江戸川区南篠崎町3丁目12番8号,35.6966719,139.8989531,,03-3678-8241,,,,,,,,,,,,,,,,,http://www.city.edogawa.tokyo.jp/plaza_minamishinozaki/index.html
,,小岩健康サポートセンター・子育てひろば,江戸川区東小岩3丁目23番3号,35.7338719,139.894124,,03-3658-3171,,,,,,,,,,,,,,,,,http://www.city.edogawa.tokyo.jp/shisetsuguide/bunya/kenkofukushi/kenko/koiwa.html
,,東部健康サポートセンター・子育てひろば,江戸川区瑞江2丁目5番7号（東部フレンドホール3階）,35.6940377,139.8978703,,03-3678-6441・6442・6443,,,,,,,,,,,,,,,,,http://www.city.edogawa.tokyo.jp/shisetsuguide/bunya/kenkofukushi/kenko/tobu.html
,,葛西健康サポートセンター・子育てひろば,江戸川区中葛西3丁目10番1号,35.6658143,139.8695256,,03-3688-0154,,,,,,,,,,,,,,,,,http://www.city.edogawa.tokyo.jp/shisetsuguide/bunya/kenkofukushi/kenko/kasai.html
,,なぎさ健康サポートセンター・子育てひろば,江戸川区南葛西7丁目1番27号,35.6457363,139.8812814,,03-5675-2515,,,,,,,,,,,,,,,,,http://www.city.edogawa.tokyo.jp/shisetsuguide/bunya/kenkofukushi/kenko/nagisa.html
,,グリーンパレス,江戸川区松島1丁目38番1号,35.7058267,139.8662522,,03-3653-5151,,,,,,,,,,,,,,,,,http://www.city.edogawa.tokyo.jp/shisetsuguide/bunya/kosodate/hiroba/greenpalace.html
,,あずさわ児童館,板橋区小豆沢3-9-2-103,35.78055254,139.6960174,,03-3966-2825,,,,,,,,,,,,,,,,,http://www.city.itabashi.tokyo.jp/c_sections/azuj/index.html
,,大山東児童館,板橋区大山東町8-7,35.74746404,139.7061018,,03-3579-6767,,,,,,,,,,,,,,,,,http://www.city.itabashi.tokyo.jp/c_sections/oyamahj/index.html
,,上板橋児童館,板橋区上板橋2-3-8,35.76169547,139.6737793,,03-3933-6970,,,,,,,,,,,,,,,,,http://www.city.itabashi.tokyo.jp/c_sections/kamij/index.html
,,紅梅児童館,板橋区徳丸6-2-10,35.77640453,139.6630818,,03-3934-6477,,,,,,,,,,,,,,,,,http://www.city.itabashi.tokyo.jp/c_sections/kobaij/index.html
,,さかうえ児童館,板橋区小豆沢1-20-17,35.77569326,139.7022981,,03-3965-9733,,,,,,,,,,,,,,,,,http://www.city.itabashi.tokyo.jp/c_sections/sakauej/index.html
,,清水児童館,板橋区清水町72-7,35.76538538,139.7046049,,03-3963-3313,,,,,,,,,,,,,,,,,http://www.city.itabashi.tokyo.jp/c_sections/shimizuj/index.html
,,志村児童館,板橋区志村2-16-11,35.7749649,139.6858318,,03-3969-5881,,,,,,,,,,,,,,,,,http://www.city.itabashi.tokyo.jp/c_sections/shimuj/index.html
,,志村橋児童館,板橋区舟渡3-6-3,35.79354685,139.6801598,,03-3966-6849,,,,,,,,,,,,,,,,,http://www.city.itabashi.tokyo.jp/c_sections/sbashij/index.html
,,しらさぎ児童館,板橋区成増5-19-4,35.78805343,139.6339624,,03-3979-3895,,,,,,,,,,,,,,,,,http://www.city.itabashi.tokyo.jp/c_sections/shiraj/index.html
,,新河岸児童館,板橋区新河岸1-3-2-101,35.7937633,139.664161,,03-3937-8337,,,,,,,,,,,,,,,,,http://www.city.itabashi.tokyo.jp/c_sections/shingaj/index.html
,,高島平児童館,板橋区高島平3-12-28,35.78700132,139.6587415,,03-3979-3894,,,,,,,,,,,,,,,,,http://www.city.itabashi.tokyo.jp/c_sections/takaj/index.html
,,東新児童館,板橋区東新町2-43-5,35.75259118,139.6806096,,03-3972-8020,,,,,,,,,,,,,,,,,http://www.city.itabashi.tokyo.jp/c_sections/toshinj/index.html
,,なります児童館,板橋区成増3-34-21,35.78117464,139.6315036,,03-3939-6502,,,,,,,,,,,,,,,,,http://www.city.itabashi.tokyo.jp/c_sections/narij/index.html
,,西徳児童館,板橋区西台4-4-37,35.77020916,139.6680585,,03-3936-2409,,,,,,,,,,,,,,,,,http://www.city.itabashi.tokyo.jp/c_sections/nishitoj/index.html
,,蓮根児童館,板橋区蓮根2-6-15,35.78129924,139.6765946,,03-3968-0688,,,,,,,,,,,,,,,,,http://www.city.itabashi.tokyo.jp/c_sections/hasuj/index.html
,,蓮根第二児童館,板橋区蓮根3-15-1-104,35.78903786,139.6765475,,03-3969-5582,,,,,,,,,,,,,,,,,http://www.city.itabashi.tokyo.jp/c_sections/hasu3j/index.html
,,はすのみ児童館,板橋区高島平1-50-2,35.78405849,139.671563,,03-3934-5980,,,,,,,,,,,,,,,,,http://www.city.itabashi.tokyo.jp/c_sections/hasunoj/index.html
,,氷川児童館,板橋区氷川町24-2,35.75436514,139.7051674,,03-3961-5723,,,,,,,,,,,,,,,,,http://www.city.itabashi.tokyo.jp/c_sections/hikawaj/index.html
,,富士見台児童館,板橋区前野町1-8-1,35.76401331,139.69623,,03-3965-8524,,,,,,,,,,,,,,,,,http://www.city.itabashi.tokyo.jp/c_sections/fujimij/index.html
,,緑が丘児童館,板橋区中台3-27-2,35.77326021,139.6791025,,03-3934-4176,,,,,,,,,,,,,,,,,http://www.city.itabashi.tokyo.jp/c_sections/midorij/index.html
,,南板橋児童館,板橋区板橋1-39-1,35.74779264,139.7149683,,03-3963-4518,,,,,,,,,,,,,,,,,http://www.city.itabashi.tokyo.jp/c_sections/mitaj/index.html
,,南前野児童館,板橋区前野町2-23-1,35.7657545,139.6882041,,03-3967-3870,,,,,,,,,,,,,,,,,http://www.city.itabashi.tokyo.jp/c_sections/mmaenoj/index.html
,,向原児童館,板橋区向原1-18-5,35.74247383,139.6848543,,03-3974-6736,,,,,,,,,,,,,,,,,http://www.city.itabashi.tokyo.jp/c_sections/mukaij/index.html
,,弥生児童館,板橋区弥生町16-3,35.75316198,139.6942392,,03-3956-8311,,,,,,,,,,,,,,,,,http://www.city.itabashi.tokyo.jp/c_sections/yayoij/index.html
,,ゆりの木児童館,板橋区赤塚新町3-32-11-209,35.76922728,139.6386133,,03-3977-2651,,,,,,,,,,,,,,,,,http://www.city.itabashi.tokyo.jp/c_sections/yurij/index.html
,,子ども家庭支援センター,板橋区栄町36-1,35.75096502,139.7053164,,03-3579-2656,,,,,,,,,,,,,,,,,http://www.city.itabashi.tokyo.jp/c_kurashi/009/009826.html
,,赤塚児童館,板橋区赤塚6-38-1,35.77884326,139.6449369,,03-3938-8821,,,,,,,,,,,,,,,,,http://www.city.itabashi.tokyo.jp/c_sections/akaj/index.html
認可保育園,芝,芝保育園,東京都港区芝五丁目18番1号101,35.6484,139.747716,区立,03-3455-4669,3か月,18.0,26.0,30.0,30.0,30,30.0,164.0,9:00,17:00,7:15,18:15,1歳の誕生日,22:00まで,日・祝・年末年始,,https://www.city.minato.tokyo.jp/kodomo/kodomo/kodomo/hoikuen/12/index.html
認可保育園,芝,神明保育園,東京都港区浜松町一丁目6番7号　プラザ神明1～3階,35.658802,139.757421,区立,03-5733-6822,3か月,21.0,25.0,29.0,30.0,30,30.0,165.0,9:00,17:00,7:15,18:15,1歳の誕生日,6:15から22:00まで,年末年始,(株)日本保育サービス,https://www.city.minato.tokyo.jp/kodomo/kodomo/kodomo/hoikuen/21/index.html
認可保育園,芝,芝公園保育園,東京都港区芝公園二丁目7番3号,35.654291,139.750533,区立,03-3438-0435,57日,14.0,22.0,24.0,30.0,30,30.0,150.0,9:00,17:00,7:15,18:15,1歳の誕生日,20:15まで,日・祝・年末年始,,https://www.city.minato.tokyo.jp/kodomo/kodomo/kodomo/hoikuen/13/index.html
認可保育園,芝,アスク芝公園保育園,東京都港区芝二丁目12番16号,35.651603,139.752593,私立,03-5439-9398,57日,6.0,10.0,11.0,11.0,11,11.0,60.0,9:00,17:00,7:15,18:15,1歳の誕生日,20:15まで,日・祝・年末年始,(株)日本保育サービス,https://www.nihonhoiku.co.jp/blog/shibakoen/
認可保育園,芝,太陽の子三田保育園,東京都港区三田一丁目2番18号　TTD PLAZAビル2階,35.655004,139.740635,私立,03-5439-6390,57日,9.0,12.0,12.0,12.0,12,12.0,69.0,9:00,17:00,7:15,18:15,57日,20:15まで,日・祝・年末年始,HITOWAキッズライフ(株),https://www.kidslife-nursery.com/facility/tokyo/minato/mita1/
認可保育園,芝,あい保育園赤羽橋,東京都港区三田一丁目3番31号　Forecast三田 2階,35.654526,139.74357,私立,03-6453-9325,57日,6.0,12.0,12.0,10.0,10,10.0,60.0,9:00,17:00,7:15,18:15,57日,20:15まで,日・祝・年末年始,(株)アイグラン,https://aigran.co.jp/nursery_list/1-1153/
認可保育園,芝,こころ新橋保育園,東京都港区新橋六丁目4番3号　ル・グラシエルビル7号館2階,35.663617,139.753196,私立,03-6432-0941,57日,5.0,5.0,11.0,11.0,11,11.0,54.0,9:00,17:00,7:15,18:15,57日,20:15まで,日・祝・年末年始,(学)太陽学院,https://www.taiyo.ed.jp/kokoro-shinbashi/
認可保育園,芝,グローバルキッズ虎ノ門保育園,東京都港区虎ノ門三丁目19番13号　虎ノ門スピリットビル3階,35.663091,139.74683,私立,03-5473-7668,57日,6.0,10.0,10.0,10.0,10,10.0,56.0,9:00,17:00,7:15,18:15,1歳の誕生日,20:15まで,日・祝・年末年始,(株)グローバルキッズ,https://www.gkids.co.jp/facilities/nursery_061.html
認可保育園,芝,小鳩ナーサリースクール浜離宮,東京都港区浜松町一丁目3番1号,35.659878,139.756993,私立,03-6432-0123,3か月,6.0,7.0,7.0,7.0,7,7.0,41.0,9:00,17:00,7:15,18:15,3か月,20:15まで,日・祝・年末年始,(株)チャイルド・ピース,https://www.kobato.net/hamarikyu/
認可保育園,芝,ニチイキッズ芝公園保育園,東京都港区芝二丁目1番27号　穴水ビル2階,35.653349,139.751196,私立,03-5765-5075,57日,6.0,7.0,8.0,8.0,8,8.0,45.0,9:00,17:00,7:15,18:15,1歳の誕生日,20:15まで,日・祝・年末年始,(株)ニチイ学館,https://www.nichiikids.net/nursery/other/shibakouen/index.html
認可保育園,芝,にじいろ保育園竹芝,東京都港区海岸一丁目13番15号,35.654298,139.761854,私立,03-6381-5195,57日,3.0,5.0,6.0,6.0,6,6.0,32.0,9:00,17:00,7:15,18:15,57日,20:15まで,日・祝・年末年始,ライクアカデミー(株),https://www.like-kn.co.jp/academy/establishment/nijiiro/takeshiba/index.html
認可保育園,芝,にじいろ保育園新橋,東京都港区新橋六丁目11番13号,35.661615,139.754608,私立,03-6432-0540,57日,3.0,10.0,11.0,,,,24.0,9:00,17:00,7:15,18:15,57日,20:15まで,日・祝・年末年始,ライクアカデミー(株),https://www.like-kn.co.jp/academy/establishment/nijiiro/shinbashi/index.html
認可保育園,芝,（仮称）すくすく保育園浜松町,東京都港区浜松町一丁目1番（住居表示未定）,,,私立,未定,未定,6.0,14.0,15.0,15.0,15,15.0,80.0,9:00,17:00,7:15,18:15,未定,20:15まで,日・祝・年末年始,(福)寿広福祉会,
認可保育園,麻布,南麻布保育園,東京都港区南麻布四丁目2番29号101,35.647872,139.72407,区立,03-3442-8068,3か月,12.0,18.0,18.0,18.0,18,18.0,102.0,9:00,17:00,7:15,18:15,1歳の誕生日,20:15まで,日・祝・年末年始,,https://www.city.minato.tokyo.jp/kodomo/kodomo/kodomo/hoikuen/10/index.html
認可保育園,麻布,本村保育園,東京都港区南麻布四丁目6番7号,35.651113,139.727587,区立,03-3444-2385,3か月,12.0,19.0,20.0,20.0,20,20.0,111.0,9:00,17:00,7:15,18:15,1歳の誕生日,20:15まで,日・祝・年末年始,,https://www.city.minato.tokyo.jp/kodomo/kodomo/kodomo/hoikuen/05/index.html
認可保育園,麻布,西麻布保育園,東京都港区西麻布二丁目13番3号,35.660833,139.722718,区立,03-3409-4924,3か月,13.0,20.0,24.0,24.0,24,24.0,129.0,9:00,17:00,7:15,18:15,1歳の誕生日,20:15まで,日・祝・年末年始,,https://www.city.minato.tokyo.jp/kodomo/kodomo/kodomo/hoikuen/11/index.html
認可保育園,麻布,麻布保育園,東京都港区六本木五丁目16番46号,35.660657,139.735091,区立,03-5545-7135,3か月,15.0,20.0,25.0,27.0,30,30.0,147.0,9:00,17:00,7:15,18:15,1歳の誕生日,20:15まで,日・祝・年末年始,,https://www.city.minato.tokyo.jp/kodomo/kodomo/kodomo/hoikuen/03/index.html
認可保育園,麻布,飯倉保育園,東京都港区東麻布一丁目21番2号,35.655912,139.743532,区立,03-3583-1786,3か月,12.0,18.0,21.0,26.0,28,28.0,133.0,9:00,17:00,7:15,18:15,1歳の誕生日,20:15まで,日・祝・年末年始,,https://www.city.minato.tokyo.jp/kodomo/kodomo/kodomo/hoikuen/06/index.html
認可保育園,麻布,東麻布保育園,東京都港区東麻布二丁目1番1号,35.658212,139.74262,区立,03-3584-3811,3か月,17.0,25.0,28.0,30.0,30,34.0,164.0,9:00,17:00,7:15,18:15,1歳の誕生日,22:00まで,年末年始,特定非営利活動法人ワーカーズコープ,https://www.city.minato.tokyo.jp/kodomo/kodomo/kodomo/hoikuen/25/index.html
認可保育園,麻布,元麻布保育園,東京都港区元麻布二丁目14番12号,35.653073,139.730217,区立,03-5422-7338,3か月,22.0,28.0,31.0,31.0,31,31.0,174.0,9:00,17:00,7:15,18:15,1歳の誕生日,22:00まで,年末年始,(福)春和会,https://www.city.minato.tokyo.jp/kodomo/kodomo/kodomo/hoikuen/26/index.html
認可保育園,麻布,まなびの森保育園麻布,東京都港区南麻布一丁目8番11号　東町小学校内,35.650887,139.735832,私立,03-3455-3066,57日,6.0,10.0,11.0,11.0,11,11.0,60.0,9:00,17:00,7:15,18:15,1歳の誕生日の翌日,20:15まで,日・祝・年末年始,(株)こどもの森,http://kodomonomori.co.jp/az/
認可保育園,麻布,あい保育園南麻布,東京都港区南麻布二丁目11番10号　OJビル3階,35.647686,139.735729,私立,03-6453-7970,57日,9.0,15.0,18.0,18.0,18,20.0,98.0,9:00,17:00,7:15,18:15,57日,20:15まで,日・祝・年末年始,(株)アイグラン,https://aigran.co.jp/nursery_list/1-1206/
認可保育園,麻布,太陽の子南麻布保育園,東京都港区南麻布四丁目11番30号　南麻布渋谷ビル2階,35.646992,139.727149,私立,03-5488-8070,57日,9.0,12.0,12.0,12.0,12,12.0,69.0,9:00,17:00,7:15,18:15,57日,20:15まで,日・祝・年末年始,HITOWAキッズライフ(株),https://www.kidslife-nursery.com/facility/tokyo/minato/minamiazabu/
認可保育園,麻布,あい保育園元麻布,東京都港区元麻布三丁目2番19号　MOMON六本木ビル2階,35.657381,139.727326,私立,03-6447-1871,57日,6.0,12.0,12.0,10.0,10,10.0,60.0,9:00,17:00,7:15,18:15,57日,20:15まで,日・祝・年末年始,(株)アイグラン,https://aigran.co.jp/nursery_list/1-1158/
認可保育園,麻布,まちの保育園六本木,東京都港区六本木一丁目9番10号　アークヒルズ仙石山森タワー,35.663588,139.741813,私立,03-6441-2478,57日,11.0,13.0,14.0,,,,38.0,9:00,17:00,7:30,18:30,1歳の誕生日を過ぎた翌月1日,20:30まで,日・祝・年末年始,ナチュラルスマイルジャパン(株),
認可保育園,麻布,まちの保育園六本木分園,東京都港区虎ノ門五丁目5番1号　アークヒルズ仙石山テラス103,35.663636,139.74188,私立,03-6450-1726,,,,,14.0,9,9.0,32.0,9:00,17:00,7:30,18:30,1歳の誕生日を過ぎた翌月1日,20:30まで,日・祝・年末年始,ナチュラルスマイルジャパン(株),
認可保育園,麻布,コスモス西麻布保育園,東京都港区西麻布二丁目2番2号　NK青山ホームズ１階B,35.661597,139.724999,私立,03-6427-3733,57日,3.0,8.0,9.0,10.0,10,10.0,50.0,9:00,17:00,7:15,18:15,1歳の誕生日を過ぎた翌月1日,20:15まで,日・祝・年末年始,(福)千成会,https://www.senseikai.or.jp/publics/index/26/
認可保育園,麻布,AIAI NURSERY麻布十番,東京都港区東麻布二丁目32番7号　麻布アコービル2階,35.656032,139.740453,私立,03-5545-5461,57日,6.0,12.0,13.0,13.0,13,13.0,70.0,9:00,17:00,7:30,18:30,1歳の誕生日を過ぎた翌月1日,19:30まで,日・祝・年末年始,AIAI　Child　Care（株）,https://nursery.aiai-cc.co.jp/facility/azabujyuban/
認可保育園,麻布,ふたばクラブ東麻布保育園,東京都港区東麻布一丁目5番6号,35.657895,139.743181,私立,03-5797-8728,3か月,9.0,10.0,10.0,10.0,10,10.0,59.0,9:00,17:00,7:30,18:30,1歳の誕生日,19:30まで,日・祝・年末年始,双葉教育(株),https://futabaclub.jp/higashiazabu.html
認可保育園,麻布,まなびの森保育園麻布十番,東京都港区南麻布一丁目14番1号,35.651137,139.734086,私立,03-6436-7887,57日,6.0,11.0,11.0,11.0,11,,50.0,9:00,17:00,7:15,18:15,1歳の誕生日,20:15まで,日・祝・年末年始,(株)こどもの森,http://kodomonomori.co.jp/jb/
認可保育園,麻布,麻布十番ちとせ保育園,東京都港区麻布十番一丁目3番2号,35.656991,139.735836,私立,03-3586-1058,57日,6.0,10.0,11.0,11.0,11,,49.0,9:00,17:00,7:15,18:15,1歳の誕生日,20:15まで,日・祝・年末年始,(福)ちとせ交友会,
認可保育園,麻布,sakura保育園六本木,東京都港区六本木四丁目5番11号,35.664764,139.732417,私立,03-6434-5011,57日,6.0,10.0,12.0,12.0,,,40.0,9:00,17:00,7:30,18:30,1歳の誕生日を過ぎた翌月1日から,20:30まで,日・祝・年末年始,(株)マーシャルアーツドットコム,https://sakurakids.net/
認可保育園,麻布,リトルパルズ保育園六本木,東京都港区六本木六丁目5番27号,35.660996,139.731241,私立,050-1741-0790,57日,9.0,12.0,12.0,15.0,,,48.0,9:00,17:00,7:30,18:30,57日,19:30まで,日・祝・年末年始,（株）アイ・エス・シー,https://wb-hoikuen.jp/tokyo/roppongi
認可保育園,赤坂,赤坂保育園,東京都港区赤坂五丁目5番26号101,35.671125,139.734061,区立,03-3583-2156,3か月,9.0,15.0,15.0,20.0,20,20.0,99.0,9:00,17:00,7:15,18:15,1歳の誕生日,20:15まで,日・祝・年末年始,,https://www.city.minato.tokyo.jp/kodomo/kodomo/kodomo/hoikuen/01/index.html
認可保育園,赤坂,南青山保育園,東京都港区南青山一丁目3番15号,35.671188,139.725527,区立,03-3401-1650,3か月,18.0,20.0,22.0,26.0,26,26.0,138.0,9:00,17:00,7:15,18:15,1歳の誕生日,20:15まで,日・祝・年末年始,,https://www.city.minato.tokyo.jp/kodomo/kodomo/kodomo/hoikuen/09/index.html
認可保育園,赤坂,青山保育園,東京都港区北青山三丁目4番1号101,35.668127,139.71402,区立,03-3401-1723,57日,14.0,22.0,22.0,24.0,24,24.0,130.0,9:00,17:00,7:15,18:15,1歳の誕生日,20:15まで,日・祝・年末年始,,https://www.city.minato.tokyo.jp/kodomo/kodomo/kodomo/hoikuen/02/index.html
認可保育園,赤坂,赤坂ちとせ保育園,東京都港区赤坂四丁目7番15号　陽栄光和ビル1階,35.675503,139.734069,私立,03-6459-1012,57日,6.0,8.0,9.0,9.0,9,9.0,50.0,9:00,17:00,7:15,18:15,57日,20:15まで,日・祝・年末年始,(福)ちとせ交友会,https://www.chitosek.or.jp/preschools/akasaka
認可保育園,赤坂,太陽の子赤坂保育園,東京都港区赤坂八丁目12番16号　NOZY　AKASAKA1階、2階、3階,35.669165,139.729383,私立,03-6434-9431,57日,6.0,10.0,10.0,10.0,12,12.0,60.0,9:00,17:00,7:15,18:15,57日,20:15まで,日・祝・年末年始,HITOWAキッズライフ(株),https://www.kidslife-nursery.com/facility/tokyo/minato/akasaka/
認可保育園,赤坂,あい保育園青山一丁目,東京都港区南青山一丁目3番1号　パークアクシス青山一丁目タワー2階,35.671674,139.725591,私立,03-6459-2860,57日,6.0,12.0,12.0,10.0,10,10.0,60.0,9:00,17:00,7:15,18:15,57日,20:15まで,日・祝・年末年始,(株)アイグラン,https://aigran.co.jp/nursery_list/1-1170/
認可保育園,赤坂,太陽の子南青山保育園,東京都港区南青山四丁目1番6号　セブン南青山ビル1階、2階,35.667301,139.719068,私立,03-5413-5512,57日,6.0,12.0,12.0,10.0,10,10.0,60.0,9:00,17:00,7:15,18:15,57日,20:15まで,日・祝・年末年始,HITOWAキッズライフ(株),https://www.kidslife-nursery.com/facility/tokyo/minato/minamiaoyama/
認可保育園,赤坂,小学館アカデミー南青山保育園,東京都港区南青山四丁目15番8号　南青山246ビル,35.66495,139.718306,私立,03-5770-1512,57日,6.0,6.0,6.0,6.0,6,9.0,39.0,9:00,17:00,7:15,18:15,1歳の誕生日,20:15まで,日・祝・年末年始,(株)小学館集英社プロダクション,https://www.shopro.co.jp/hoiku/shisetsu/minamiaoyama/
認可保育園,赤坂,赤坂山王保育園,東京都港区赤坂四丁目1番26号,35.676397,139.734702,私立,03-5114-5605,57日,15.0,20.0,20.0,22.0,22,,99.0,9:00,17:00,7:15,18:15,1歳の誕生日,20:15まで,日・祝・年末年始,(福)邦友会,https://hoyukai.iuhw.ac.jp/akasakasanno-h/
認可保育園,赤坂,赤坂クレア保育園,東京都港区赤坂四丁目9番3号,35.675472,139.732987,私立,03-6812-9268,57日,6.0,10.0,12.0,12.0,12,,52.0,9:00,17:00,7:15,18:15,1歳の誕生日,20:15まで,日・祝・年末年始,(福)慈光福祉会,http://akasaka-crea.com/
認可保育園,赤坂,おはよう保育園ののあおやま,東京都港区北青山三丁目4番3号,35.666941,139.7127,私立,03-6447-0195,57日,3.0,4.0,4.0,4.0,4,4.0,23.0,9:00,17:00,7:30,18:30,1歳の誕生日,19:30まで,日・祝・年末年始,東京建物キッズ(株),https://www.ttkids.co.jp/shisetsu_nonoaoyama.html
認可保育園,高輪,伊皿子坂保育園,東京都港区三田四丁目19番30号,35.640411,139.738726,区立,03-3444-7601,3か月,15.0,22.0,24.0,30.0,30,30.0,151.0,9:00,17:00,7:15,18:15,1歳の誕生日,20:15まで,日・祝・年末年始,,https://www.city.minato.tokyo.jp/kodomo/kodomo/kodomo/hoikuen/14/index.html
認可保育園,高輪,高輪保育園,東京都港区高輪三丁目18番15号,35.633207,139.735724,区立,03-3449-1641,57日,14.0,22.0,24.0,28.0,30,30.0,148.0,9:00,17:00,7:15,18:15,1歳の誕生日,20:15まで,日・祝・年末年始,,https://www.city.minato.tokyo.jp/kodomo/kodomo/kodomo/hoikuen/16/index.html
認可保育園,高輪,白金保育園,東京都港区白金三丁目10番12号,35.644936,139.731076,区立,03-3441-5076,3か月,9.0,15.0,16.0,20.0,21,21.0,102.0,9:00,17:00,7:15,18:15,1歳の誕生日,20:15まで,日・祝・年末年始,,https://www.city.minato.tokyo.jp/kodomo/kodomo/kodomo/hoikuen/15/index.html
認可保育園,高輪,太陽の子三田五丁目保育園,東京都港区三田五丁目4番3号　三田プラザビル3階,35.647706,139.738902,私立,03-5439-6775,57日,8.0,8.0,10.0,10.0,12,12.0,60.0,9:00,17:00,7:15,18:15,57日,20:15まで,日・祝・年末年始,HITOWAキッズライフ(株),https://www.kidslife-nursery.com/facility/tokyo/minato/mita5/
認可保育園,高輪,みなと保育園,東京都港区高輪一丁目6番9号,35.642366,139.735335,私立,03-3443-3406,43日,6.0,9.0,12.0,12.0,12,12.0,63.0,9:00,17:00,7:30,18:30,1歳の誕生日,19:30まで,日・祝・年末年始,(福)恩賜財団東京都同胞援護会,https://doen.jp/introduction/nuture/minato
認可保育園,高輪,愛星保育園,東京都港区高輪一丁目27番40号,35.63676,139.731967,私立,03-3441-5410,3か月,5.0,10.0,15.0,15.0,11,9.0,65.0,9:00,17:00,7:00,18:00,1歳の誕生日,20:15まで,日・祝・年末年始,(福)東京聖ビンセンシオ・ア・パウロ会,https://www.aiseihoikuen.or.jp/
認可保育園,高輪,ゆらりん高輪保育園,東京都港区高輪一丁目5番38号　HUG高輪1階、2階,35.641758,139.736717,私立,03-5422-6170,57日,9.0,15.0,18.0,19.0,20,20.0,101.0,9:00,17:00,7:15,18:15,1歳の誕生日,20:15まで,日・祝・年末年始,ライフサポート(株),https://hoiku.lifesupport.co.jp/yurarin-takanawa/
認可保育園,高輪,高輪夢保育園,東京都港区高輪三丁目25番33号　長田ビル3階,35.631944,139.737918,私立,03-5791-9680,57日,6.0,8.0,11.0,11.0,11,11.0,58.0,9:15,17:15,7:15,18:15,満5か月,20:15まで,日・祝・年末年始,(福)夢工房,https://www.yumekoubou.or.jp/hoikuen/takanawayume/
認可保育園,高輪,ゆらりん白金保育園,東京都港区白金一丁目26番10号　白金K-FLAT 1階、2階の一部,35.643907,139.733517,私立,03-6409-6310,57日,6.0,8.0,9.0,9.0,9,9.0,50.0,9:00,17:00,7:15,18:15,1歳の誕生日,20:15まで,日・祝・年末年始,ライフサポート(株),https://hoiku.lifesupport.co.jp/yurarin-shirokane/
認可保育園,高輪,みつばち保育園,東京都港区白金四丁目7番2号,35.642807,139.727554,私立,03-3444-8767,43日,6.0,11.0,13.0,,,,30.0,9:00,17:00,7:15,18:15,43日,19:15まで,日・祝・年末年始,(福)みつばち会,https://hoiku.mitsu-bachi.net/
認可保育園,高輪,ニチイキッズ白金台保育園,東京都港区白金台二丁目26番10号　グリーンオーク高輪台2階,35.631759,139.729917,私立,03-5791-2161,57日,10.0,12.0,12.0,12.0,12,12.0,70.0,9:00,17:00,7:15,18:15,1歳の誕生日,20:15まで,日・祝・年末年始,(株)ニチイ学館,https://www.nichiikids.net/nursery/other/shiroganedai/index.html
認可保育園,高輪,高輪さつき保育園,東京都港区高輪一丁目16番15号　自動車部品会館2階,35.64095,139.733479,私立,03-3473-2320,57日,6.0,10.0,11.0,11.0,11,11.0,60.0,9:00,17:00,7:15,18:15,1歳の誕生日の翌日,20:15まで,日・祝・年末年始,フミ・コーポレーション(株),https://www.satuki-tk.com/
認可保育園,高輪,えほんのもり白金台保育園,東京都港区白金台二丁目11番3号,35.633192,139.730735,私立,03-6450-3546,3か月,3.0,5.0,6.0,7.0,7,7.0,35.0,9:00,17:00,7:15,18:15,1歳の誕生日,20:15まで,日・祝・年末年始,(株)萬松堂,http://ehonnomori-hoikuen.com/
認可保育園,高輪,さくらさくみらい高輪,東京都港区高輪二丁目6番21号,35.636165,139.73334,私立,03-5860-2339,57日,6.0,12.0,12.0,18.0,18,18.0,84.0,9:00,17:00,7:15,18:15,1歳の誕生日を過ぎた翌月1日,20:15まで,日・祝・年末年始,(株)さくらさくみらい,https://www.sakura-39.jp/hoiku/takanawa/
認可保育園,高輪,ミアヘルサ保育園ひびき白金高輪,東京都港区白金三丁目2番3号,35.64656,139.731283,私立,03-5860-2251,,,8.0,9.0,11.0,11,11.0,50.0,9:00,17:00,7:30,18:30,1歳,20:30まで,日・祝・年末年始,ミアヘルサ(株),https://www.merhalsa.jp/hoikuen/nursery/shirogane_takanawa/
認可保育園,高輪,うれしい保育園白金高輪,東京都港区三田五丁目17番2号,35.645161,139.736962,私立,03-5795-2310,57日,6.0,10.0,11.0,11.0,11,,49.0,9:00,17:00,7:15,18:15,1歳の誕生日を過ぎた翌月1日,20:15まで,日・祝・年末年始,(株)ケア21,https://www.care21.co.jp/ureshii_hoiku/uh-shirokanetakanawa/
認可保育園,高輪,ほっぺるランド高輪二丁目,東京都港区高輪二丁目16番8号,35.638892,139.739177,私立,03-5422-9781,57日,6.0,10.0,11.0,11.0,11,,49.0,9:00,17:00,7:30,18:30,1歳の誕生日,20:30まで,日・祝・年末年始,(株)テノ.コーポレーション,https://hoppel-land.com/introduces/7722-2/
認可保育園,高輪,あい保育園白金台,東京都港区白金台三丁目13番18号,35.635829,139.724707,私立,03-6277-4494,57日,8.0,12.0,12.0,13.0,,,45.0,9:00,17:00,7:15,18:15,57日,20:15まで,日・祝・年末年始,(株)アイグラン,
認可保育園,芝浦港南,しばうら保育園,東京都港区芝浦三丁目1番16号,35.645136,139.750214,区立,03-5232-1130,3か月,25.0,33.0,36.0,36.0,46,46.0,222.0,9:00,17:00,7:15,18:15,1歳の誕生日,22:00まで,年末年始,Shopro-Taihei共同事業グループ,https://www.city.minato.tokyo.jp/kodomo/kodomo/kodomo/hoikuen/23/index.html
認可保育園,芝浦港南,しばうら保育園分園,東京都港区芝浦一丁目16番1号,35.646636,139.751425,区立,03-6453-6346,3か月,6.0,10.0,10.0,10.0,,,36.0,9:00,17:00,7:15,18:15,1歳の誕生日,22:00まで,年末年始,Shopro-Taihei共同事業グループ,https://www.city.minato.tokyo.jp/kodomo/kodomo/kodomo/hoikuen/23/index.html
認可保育園,芝浦港南,こうなん保育園,東京都港区港南四丁目2番3号101,35.629827,139.747918,区立,03-3450-3800,57日,15.0,25.0,26.0,27.0,28,28.0,149.0,9:00,17:00,7:15,18:15,1歳の誕生日,20:15まで,日・祝・年末年始,,https://www.city.minato.tokyo.jp/kodomo/kodomo/kodomo/hoikuen/08/index.html
認可保育園,芝浦港南,たかはま保育園,東京都港区港南四丁目3番7号,35.631151,139.749972,区立,03-5781-0255,3か月,18.0,22.0,26.0,30.0,30,30.0,156.0,9:00,17:00,7:15,18:15,1歳の誕生日,22:00まで,年末年始,(株)日本保育サービス,https://www.city.minato.tokyo.jp/kodomo/kodomo/kodomo/hoikuen/22/index.html
認可保育園,芝浦港南,台場保育園,東京都港区台場一丁目5番1号,35.630085,139.777068,区立,03-5500-2360,3か月,14.0,22.0,23.0,24.0,24,24.0,131.0,9:00,17:00,7:15,18:15,1歳の誕生日,20:15まで,日・祝・年末年始,,https://www.city.minato.tokyo.jp/kodomo/kodomo/kodomo/hoikuen/04/index.html
認可保育園,芝浦港南,太陽の子シーバンス保育園,東京都港区芝浦一丁目2番2号　シーバンスアモール3階,35.649696,139.756524,私立,03-5439-4014,57日,9.0,20.0,20.0,20.0,16,15.0,100.0,9:00,17:00,7:15,18:15,57日,20:15まで,日・祝・年末年始,HITOWAキッズライフ(株),https://www.kidslife-nursery.com/facility/tokyo/minato/seavans/
認可保育園,芝浦港南,太陽の子芝浦一丁目保育園,東京都港区芝浦一丁目9番7号　芝浦おもだかビル2階、3階,35.648178,139.753541,私立,03-5439-5251,57日,6.0,12.0,12.0,12.0,12,12.0,66.0,9:00,17:00,7:15,18:15,57日,20:15まで,日・祝・年末年始,HITOWAキッズライフ(株),https://www.kidslife-nursery.com/facility/tokyo/minato/shibaura1/
認可保育園,芝浦港南,アンジェリカ田町保育園,東京都港区芝浦一丁目6番41号　グローバルフロントタワー1階,35.647586,139.75497,私立,03-6435-2157,57日,6.0,10.0,11.0,11.0,11,11.0,60.0,9:00,17:00,7:30,18:30,57日,20:30まで,日・祝・年末年始,(株)アンジェリカ,https://www.angelica-nsy.net/facilities/tamachihoiku/
認可保育園,芝浦港南,にじのいるか保育園芝浦,東京都港区芝浦二丁目3番31号　第二高取ビル2階,35.644138,139.754543,私立,03-6435-3804,57日,6.0,10.0,11.0,11.0,11,11.0,60.0,9:00,17:00,7:15,18:15,1歳の誕生日を過ぎた翌月1日,20:15まで,日・祝・年末年始,(学)滋慶学園,https://www.nijinoiruka.ed.jp/nursery/shibaura/
認可保育園,芝浦港南,太陽の子芝浦三丁目保育園,東京都港区芝浦三丁目20番2号　山楽ビル2階、3階,35.642236,139.746501,私立,03-5439-6206,57日,6.0,8.0,8.0,10.0,10,10.0,52.0,9:00,17:00,7:15,18:15,57日,20:15まで,日・祝・年末年始,HITOWAキッズライフ(株),https://www.kidslife-nursery.com/facility/tokyo/minato/shibaura3/
認可保育園,芝浦港南,アスク芝浦4丁目保育園,東京都港区芝浦四丁目12番28号,35.639594,139.749084,私立,03-6435-2855,57日,9.0,10.0,10.0,10.0,10,11.0,60.0,9:00,17:00,7:15,18:15,1歳の誕生日,20:15まで,日・祝・年末年始,(株)日本保育サービス,https://www.nihonhoiku.co.jp/blog/shibaura4/
認可保育園,芝浦港南,ゆらりん港南保育園,東京都港区港南一丁目6番27号　芝浦クリスタル品川港南 2階,35.62962,139.745437,私立,03-6712-1188,57日,9.0,12.0,12.0,12.0,15 ※4歳、5歳の合計,,60.0,9:00,17:00,7:15,18:15,1歳の誕生日,20:15まで,日・祝・年末年始,ライフサポート(株),https://hoiku.lifesupport.co.jp/yurarin-konan/
認可保育園,芝浦港南,グローバルキッズ港南保育園,東京都港区港南四丁目1番8号　リバージュ品川2階,35.629617,139.746672,私立,03-3450-6130,57日,9.0,18.0,18.0,18.0,18,18.0,99.0,9:00,17:00,7:15,18:15,1歳の誕生日,20:15まで,日・祝・年末年始,(株)グローバルキッズ,https://www.gkids.co.jp/facilities/nursery_072.html
認可保育園,芝浦港南,ベネッセ港南保育園,東京都港区港南四丁目6番7号,35.627761,139.750726,私立,03-5783-5871,57日,6.0,12.0,12.0,10.0,10,10.0,60.0,9:00,17:00,7:00,18:00,1歳の誕生日,22:00まで,日・祝・年末年始,(株)ベネッセスタイルケア,https://hoiku.benesse-style-care.co.jp/facilities/area_tokyo/minato/h-kounan/
認可保育園,芝浦港南,ふたばクラブ港南保育園,東京都港区港南二丁目16番6号　CanonSタワー,35.646636,139.751425,私立,03-6712-9428,3か月,4.0,5.0,5.0,5.0,5,5.0,29.0,9:00,17:00,7:30,18:30,1歳の誕生日,19:30まで,日・祝・年末年始,双葉教育(株),http://futabaclub.jp/kounann.html
認可保育園,芝浦港南,ゆらりんはぁと保育園,東京都港区港南一丁目8番23号　ShinagawaHEART2階,35.629704,139.744497,私立,03-6260-0873,57日,5.0,7.0,8.0,10.0,10,10.0,50.0,9:00,17:00,7:15,18:15,1歳の誕生日,20:15まで,日・祝・年末年始,ライフサポート(株),https://hoiku.lifesupport.co.jp/yurarin-heart/
認可保育園,芝浦港南,ゆらりん港南緑水保育園,東京都港区港南四丁目7番37号（港南緑水公園内）,35.629753,139.75167,私立,03-5781-2781,57日,9.0,15.0,18.0,19.0,20,20.0,101.0,9:00,17:00,7:15,18:15,1歳の誕生日,20:15まで,日・祝・年末年始,ライフサポート(株),https://hoiku.lifesupport.co.jp/yurarin-ryokusui/
認可保育園,芝浦港南,デイジー保育園芝浦,東京都港区芝浦四丁目17番3号　芝浦NAビル3階,35.637018,139.747121,私立,03-6275-1903,57日,6.0,9.0,9.0,10.0,10,10.0,54.0,9:00,17:00,7:15,18:15,1歳の誕生日,20:15まで,日・祝・年末年始,(株)スリーピース,https://threepeace.life/recruit-2/recruit-nursery4/
認可保育園,芝浦港南,にじいろ保育園海岸三丁目,東京都港区海岸三丁目16番6号,35.642496,139.755864,私立,03-6722-6865,57日,9.0,20.0,24.0,24.0,24,,101.0,9:00,17:00,7:15,18:15,57日,20:15まで,日・祝・年末年始,ライクアカデミー(株),https://www.like-kn.co.jp/academy/establishment/nijiiro/kaigan3choume/index.html
認可保育園,芝浦港南,太陽の子芝浦二丁目保育園,東京都港区芝浦二丁目9番1号　ブランズタワー芝浦2階,35.643537,139.75291,私立,03-6435-4635,57日,6.0,8.0,9.0,9.0,9,9.0,50.0,9:00,17:00,7:15,18:15,57日,20:15まで,日・祝・年末年始,HITOWAキッズライフ(株),https://www.kidslife-nursery.com/facility/tokyo/minato/shibaura2/
認定こども園,芝浦港南,芝浦アイランドこども園,東京都港区芝浦四丁目20番1号,35.640442,139.75256,区立,03-5443-7337,57日,15.0,18.0,22.0,32.0,42,42.0,171.0,9:00,17:00,7:15,18:15,1歳の誕生日,22:00まで,年末年始,(公財)東京ＹＭＣＡ,https://www.tokyoymca.org/childcare/shibaura-kodomo/
小規模保育事業,芝,正光寺保育園赤羽橋園,東京都港区三田一丁目3番44号　 1・2階,35.654696,139.741889,私立,03-6453-8620,57日,2.0,5.0,5.0,,,,12.0,8:15,16:15,7:15,18:15,1歳の誕生日,20:15まで,日・祝・年末年始,(宗)正光寺,https://www.sk-j.or.jp/childcare/facility/akabanebashi
小規模保育事業,芝,こころナーサリー新橋,東京都港区新橋五丁目35番10号　新橋アネックス1階,35.662979,139.753349,私立,03-6435-8377,57日,6.0,6.0,6.0,,,,18.0,9:00,17:00,7:15,18:15,57日,20:15まで,日・祝・年末年始,(学)太陽学院,https://www.taiyo.ed.jp/nursery/shinbashi/
小規模保育事業,芝,ふらわぁきっず保育園新橋,東京都港区新橋三丁目3番13号　TsaoHibiya１階,35.666003,139.754138,私立,03-6550-8800,3か月,3.0,5.0,5.0,,,,13.0,9:00,17:00,7:15,18:15,1歳の誕生日,20:15まで,日・祝・年末年始,(株)ダイセイコー,http://flower-kids.com/
小規模保育事業,麻布,デイジー保育園麻布十番,東京都港区麻布十番三丁目10番12号　シティ麻布2階,35.652857,139.734557,私立,03-6809-6353,57日,6.0,6.0,6.0,,,,18.0,9:00,17:00,7:15,18:15,1歳の誕生日,20:15まで,日・祝・年末年始,(株)スリーピース,https://threepeace.life/service/daisy-nursery/daisyazabujuban/
小規模保育事業,麻布,デイジー保育園麻布十番フォレスト,東京都港区麻布十番三丁目10番12号　シティ麻布3階,35.652857,139.734557,私立,03-5439-9241,57日,6.0,6.0,6.0,,,,18.0,9:00,17:00,7:15,18:15,1歳の誕生日,20:15まで,日・祝・年末年始,(株)スリーピース,https://threepeace.life/service/daisy-nursery/daisyazabujubanforest/
小規模保育事業,麻布,ここいく保育園西麻布,東京都港区西麻布四丁目10番1号,35.657981,139.722985,私立,03-6419-7333,3か月,3.0,8.0,8.0,,,,19.0,9:00,17:00,7:15,18:15,1歳の誕生日,20:15まで,日・祝・年末年始,(株)One&Only,https://cocoiku-hoikuen.com/nishiazabu/
小規模保育事業,赤坂,sakura保育園,東京都港区赤坂二丁目12番17号　Martial Artsタワー1階,35.671246,139.740235,私立,03-6426-5097,57日,3.0,5.0,5.0,,,,13.0,9:00,17:00,7:30,18:30,1歳の誕生日を過ぎた翌月1日,19:30まで,日・祝・年末年始,(株)マーシャルアーツドットコム,https://sakurakids.net/
小規模保育事業,高輪,ふらわぁきっず保育園三田,東京都港区三田五丁目5番7号　ミタ5ゲートタワー1階,35.647066,139.740173,私立,03-6809-5303,3か月,3.0,8.0,8.0,,,,19.0,9:00,17:00,7:15,18:15,1歳の誕生日,20:15まで,日・祝・年末年始,(株)ダイセイコー,http://flower-kids.com/
小規模保育事業,高輪,ちゃいるど・はっぴっぴ!!白金保育園,東京都港区白金三丁目2番9号　1階,35.646333,139.731321,私立,080-5875-9716,57日,2.0,4.0,4.0,,,,10.0,9:00,17:00,7:30,18:30,1歳の誕生日を過ぎた翌月1日,19:30まで,日・祝・年末年始,(株)リンクス,https://happy-pi.com/hoikuen/shirokanehoikuen/
小規模保育事業,芝浦港南,港南あおぞら保育園,東京都港区港南三丁目8番1号　森永乳業港南ビル1階,35.6320239,139.7500836,私立,03-6712-1988,57日,6.0,6.0,7.0,,,,19.0,9:00,17:00,7:15,18:15,1歳の誕生日を過ぎた翌月1日,19:15まで,日・祝・年末年始,(株)T8,http://kounan-aozora.jp/
小規模保育事業,芝浦港南,にじのそら保育園芝浦,東京都港区芝浦一丁目14番6号　BSビル1階,35.647081,139.75313,私立,03-6722-0425,57日,3.0,8.0,8.0,,,,19.0,9:00,17:00,7:15,18:15,1歳の誕生日を過ぎた翌月1日,20:15まで,日・祝・年末年始,(福)ひかり会,https://hikari-kai.com/nijinosora/introduction/
港区保育室,芝,芝公園二丁目保育室,東京都港区芝公園二丁目12番10号,35.653571,139.749925,委託,03-3436-6611,,,15.0,18.0,20.0,15,15.0,83.0,9:00,17:00,7:15,18:15,1歳,20:15まで,日・祝・年末年始,HITOWAキッズライフ(株),https://www.kidslife-nursery.com/facility/tokyo/minato/shibakouen2/
港区保育室,芝,新橋保育室,東京都港区新橋六丁目12番4号,35.661668,139.754252,委託,03-6435-2088,57日,6.0,14.0,15.0,15.0,15,15.0,80.0,9:00,17:00,7:15,18:15,1歳の誕生日,20:15まで,日・祝・年末年始,(福)寿広福祉会,https://shinbashi-kids.com/
港区保育室,麻布,南麻布三丁目保育室,東京都港区南麻布三丁目5番15号,35.651044,139.730423,委託,03-3443-5711,,,,,15.0,15,15.0,45.0,9:00,17:00,7:15,18:15,3歳,20:15まで,日・祝・年末年始,(株)アイグラン,
港区保育室,赤坂,青南保育室,東京都港区南青山四丁目19番18号,35.66396,139.716584,委託,03-5770-3933,3か月,3.0,10.0,18.0,25.0,25,25.0,106.0,9:00,17:00,7:15,18:15,1歳の誕生日,20:15まで,日・祝・年末年始,(株)アソシエ・インターナショナル,https://associe-international.co.jp/%E6%96%BD%E8%A8%AD%E7%B4%B9%E4%BB%8B/seinan/
港区保育室,赤坂,第二青南保育室,東京都港区南青山四丁目19番5号,35.664202,139.716788,委託,03-5770-5366,3か月,3.0,10.0,12.0,20.0,27,25.0,97.0,9:00,17:00,7:15,18:15,1歳の誕生日,20:15まで,日・祝・年末年始,(株)アソシエ・インターナショナル,https://associe-international.co.jp/%e6%96%bd%e8%a8%ad%e7%b4%b9%e4%bb%8b/seinan2/
港区保育室,高輪,桂坂保育室,東京都港区高輪三丁目19番36号,35.633431,139.737205,委託,03-5475-6646,3か月,9.0,20.0,24.0,30.0,40,45.0,168.0,9:00,17:00,7:15,18:15,1歳の誕生日,20:15まで,日・祝・年末年始,(株)日本保育サービス,https://www.nihonhoiku.co.jp/blog/katsurazaka/
港区保育室,高輪,志田町保育室,東京都港区白金一丁目11番16号,35.645795,139.73367,委託,03-6277-2582,3か月,6.0,15.0,24.0,25.0,30,30.0,130.0,9:00,17:00,7:15,18:15,1歳の誕生日,20:15まで,日・祝・年末年始,ライフサポート(株),https://hoiku.lifesupport.co.jp/hoikushitsu-shidamachi/
港区保育室,高輪,白金三丁目保育室,東京都港区白金三丁目7番13号,35.645956,139.729598,委託,03-6455-7171,3か月,3.0,6.0,6.0,10.0,10,10.0,45.0,9:00,17:00,7:15,18:15,1歳の誕生日,20:15まで,日・祝・年末年始,(株)アソシエ・インターナショナル,https://associe-international.co.jp/%e6%96%bd%e8%a8%ad%e7%b4%b9%e4%bb%8b/%e6%b8%af%e5%8c%ba%e7%99%bd%e9%87%91%e4%b8%89%e4%b8%81%e7%9b%ae%e4%bf%9d%e8%82%b2%e5%ae%a4/
港区保育室,高輪,三光保育室,東京都港区白金三丁目18番2号（旧三光小学校内）,35.644437,139.729253,委託,03-5860-2116,3か月,6.0,20.0,24.0,25.0,25,20.0,120.0,9:00,17:00,7:15,18:15,1歳の誕生日,20:15まで,日・祝・年末年始,(株)アソシエ・インターナショナル,https://associe-international.co.jp/%e6%96%bd%e8%a8%ad%e7%b4%b9%e4%bb%8b/%e6%b8%af%e5%8c%ba%e4%b8%89%e5%85%89%e4%bf%9d%e8%82%b2%e5%ae%a4/
港区保育室,芝浦港南,たまち保育室,東京都港区芝浦三丁目4番1号　グランパークプラザ棟2階,35.643735,139.745528,委託,03-5484-6088,3か月,12.0,25.0,30.0,30.0,30,30.0,157.0,9:00,17:00,7:15,18:15,1歳の誕生日,20:15まで,日・祝・年末年始,(株)小学館集英社プロダクション,
港区保育室,芝浦港南,芝浦橋保育室,東京都港区芝浦四丁目6番8号　田町ファーストビル2階,35.638959,139.74483,委託,03-6865-1004,3か月,9.0,40.0,40.0,40.0,35,35.0,199.0,9:00,17:00,7:15,18:15,1歳の誕生日,20:15まで,日・祝・年末年始,(株)パソナフォスター,
港区保育室,芝浦港南,五色橋保育室,東京都港区海岸三丁目5番13号,35.63654,139.751594,委託,03-6435-3201,3か月,6.0,10.0,15.0,15.0,15,10.0,71.0,9:00,17:00,7:15,18:15,1歳の誕生日,20:15まで,日・祝・年末年始,ライフサポート(株),https://hoiku.lifesupport.co.jp/hoikushitsu-goshikibashi/
居宅訪問型保育事業,,障害児訪問保育アニー,利用者自宅,,,委託,,おおむね1歳～5歳,,,,,,,,8:00～18:00のうち最長8時間,8:00～18:00のうち最長8時間,8:00～18:00のうち最長8時間,8:00～18:00のうち最長8時間,,,土・日・祝・年末年始,特定非営利活動法人フローレンス,
居宅訪問型保育事業,,ポピンズナニーサービス（待機児童向け居宅訪問型保育事業）,利用者自宅,,,委託,,57日～2歳,,,,,,,,9:00,17:00,7:15,18:15,57日,20:15まで,日・祝・年末年始,(株)ポピンズファミリーケア,
居宅訪問型保育事業,,アルファ・ナニー（待機児童向け居宅訪問型保育事業）,利用者自宅,,,委託,,57日～2歳,,,,,,,,9:00,17:00,7:15,18:15,57日,20:15まで,日・祝・年末年始,(株)アルファコーポレーション,
港区内認可保育園等一覧,Ver202204,,,,,,,,,,,,,,,,,,,,,,,
